,agent,opponent,episode,num_actions,episode_reward,cumulative_reward,time_per_episode,action_history,q_total,q_mean
0,"Qlearntab_Language_{'alpha': 0.05, 'gamma': 0.95, 'epsilon': 0.2, 'epsilon_step': 0.01}",,0,9,0.5,0.5,0.0219423770904541,"[0, 0, 1, 1, 1, 0, 1, 0, 1, 1]",0.025,0.025
1,"Qlearntab_Language_{'alpha': 0.05, 'gamma': 0.95, 'epsilon': 0.2, 'epsilon_step': 0.01}",,1,0,0.5,1.0,0.0009968280792236328,[1],0.05,0.025
2,"Qlearntab_Language_{'alpha': 0.05, 'gamma': 0.95, 'epsilon': 0.2, 'epsilon_step': 0.01}",,2,0,0.5,1.5,0.003988981246948242,[1],0.07375000000000001,0.036875000000000005
3,"Qlearntab_Language_{'alpha': 0.05, 'gamma': 0.95, 'epsilon': 0.2, 'epsilon_step': 0.01}",,3,0,0.5,2.0,0.0009975433349609375,[1],0.09631250000000001,0.048156250000000005
4,"Qlearntab_Language_{'alpha': 0.05, 'gamma': 0.95, 'epsilon': 0.2, 'epsilon_step': 0.01}",,4,0,0.5,2.5,0.0019941329956054688,[1],0.11774687500000001,0.05887343750000001
5,"Qlearntab_Language_{'alpha': 0.05, 'gamma': 0.95, 'epsilon': 0.2, 'epsilon_step': 0.01}",,5,0,0.5,3.0,0.0009975433349609375,[1],0.13810953125000003,0.06905476562500001
6,"Qlearntab_Language_{'alpha': 0.05, 'gamma': 0.95, 'epsilon': 0.2, 'epsilon_step': 0.01}",,6,0,0.5,3.5,0.002991914749145508,[1],0.15745405468750004,0.07872702734375002
7,"Qlearntab_Language_{'alpha': 0.05, 'gamma': 0.95, 'epsilon': 0.2, 'epsilon_step': 0.01}",,7,0,0.5,4.0,0.0009975433349609375,[1],0.17583135195312505,0.08791567597656252
8,"Qlearntab_Language_{'alpha': 0.05, 'gamma': 0.95, 'epsilon': 0.2, 'epsilon_step': 0.01}",,8,0,0.5,4.5,0.0009970664978027344,[1],0.19328978435546879,0.09664489217773439
9,"Qlearntab_Language_{'alpha': 0.05, 'gamma': 0.95, 'epsilon': 0.2, 'epsilon_step': 0.01}",,9,0,0.5,5.0,0.0009980201721191406,[1],0.20987529513769534,0.10493764756884767
10,"Qlearntab_Language_{'alpha': 0.05, 'gamma': 0.95, 'epsilon': 0.2, 'epsilon_step': 0.01}",,10,0,0.5,5.5,0.0009965896606445312,[1],0.22563153038081057,0.11281576519040529
11,"Qlearntab_Language_{'alpha': 0.05, 'gamma': 0.95, 'epsilon': 0.2, 'epsilon_step': 0.01}",,11,0,0.5,6.0,0.0009970664978027344,[1],0.24059995386177005,0.12029997693088502
12,"Qlearntab_Language_{'alpha': 0.05, 'gamma': 0.95, 'epsilon': 0.2, 'epsilon_step': 0.01}",,12,0,0.5,6.5,0.0019948482513427734,[1],0.2548199561686816,0.1274099780843408
13,"Qlearntab_Language_{'alpha': 0.05, 'gamma': 0.95, 'epsilon': 0.2, 'epsilon_step': 0.01}",,13,0,0.5,7.0,0.000997304916381836,[1],0.2683289583602475,0.13416447918012375
14,"Qlearntab_Language_{'alpha': 0.05, 'gamma': 0.95, 'epsilon': 0.2, 'epsilon_step': 0.01}",,14,0,0.5,7.5,0.000997304916381836,[1],0.28116251044223517,0.14058125522111758
15,"Qlearntab_Language_{'alpha': 0.05, 'gamma': 0.95, 'epsilon': 0.2, 'epsilon_step': 0.01}",,15,0,0.5,8.0,0.000997781753540039,[1],0.2933543849201234,0.1466771924600617
16,"Qlearntab_Language_{'alpha': 0.05, 'gamma': 0.95, 'epsilon': 0.2, 'epsilon_step': 0.01}",,16,0,0.5,8.5,0.0019941329956054688,[1],0.3049366656741172,0.1524683328370586
17,"Qlearntab_Language_{'alpha': 0.05, 'gamma': 0.95, 'epsilon': 0.2, 'epsilon_step': 0.01}",,17,0,0.5,9.0,0.000997304916381836,[1],0.31593983239041135,0.15796991619520567
18,"Qlearntab_Language_{'alpha': 0.05, 'gamma': 0.95, 'epsilon': 0.2, 'epsilon_step': 0.01}",,18,0,0.5,9.5,0.0009975433349609375,[1],0.32639284077089076,0.16319642038544538
19,"Qlearntab_Language_{'alpha': 0.05, 'gamma': 0.95, 'epsilon': 0.2, 'epsilon_step': 0.01}",,19,0,0.5,10.0,0.0009970664978027344,[1],0.33632319873234623,0.16816159936617311
20,"Qlearntab_Language_{'alpha': 0.05, 'gamma': 0.95, 'epsilon': 0.2, 'epsilon_step': 0.01}",,20,0,0.5,10.5,0.0009970664978027344,[1],0.34575703879572894,0.17287851939786447
21,"Qlearntab_Language_{'alpha': 0.05, 'gamma': 0.95, 'epsilon': 0.2, 'epsilon_step': 0.01}",,21,0,0.5,11.0,0.000997304916381836,[1],0.3547191868559425,0.17735959342797125
22,"Qlearntab_Language_{'alpha': 0.05, 'gamma': 0.95, 'epsilon': 0.2, 'epsilon_step': 0.01}",,22,0,0.5,11.5,0.001995563507080078,[1],0.3632332275131454,0.1816166137565727
23,"Qlearntab_Language_{'alpha': 0.05, 'gamma': 0.95, 'epsilon': 0.2, 'epsilon_step': 0.01}",,23,0,0.5,12.0,0.002991199493408203,[1],0.3713215661374881,0.18566078306874406
24,"Qlearntab_Language_{'alpha': 0.05, 'gamma': 0.95, 'epsilon': 0.2, 'epsilon_step': 0.01}",,24,0,0.5,12.5,0.000997304916381836,[1],0.3790054878306137,0.18950274391530686
25,"Qlearntab_Language_{'alpha': 0.05, 'gamma': 0.95, 'epsilon': 0.2, 'epsilon_step': 0.01}",,25,3,0.5,13.0,0.004986763000488281,"[0, 1, 1, 1]",0.40400548783061374,0.1346684959435379
26,"Qlearntab_Language_{'alpha': 0.05, 'gamma': 0.95, 'epsilon': 0.2, 'epsilon_step': 0.01}",,26,0,0.5,13.5,0.0009975433349609375,[1],0.41130521343908305,0.13710173781302767
27,"Qlearntab_Language_{'alpha': 0.05, 'gamma': 0.95, 'epsilon': 0.2, 'epsilon_step': 0.01}",,27,0,0.5,14.0,0.0019943714141845703,[1],0.4182399527671289,0.13941331758904296
28,"Qlearntab_Language_{'alpha': 0.05, 'gamma': 0.95, 'epsilon': 0.2, 'epsilon_step': 0.01}",,28,0,0.5,14.5,0.0019943714141845703,[1],0.42482795512877247,0.14160931837625748
29,"Qlearntab_Language_{'alpha': 0.05, 'gamma': 0.95, 'epsilon': 0.2, 'epsilon_step': 0.01}",,29,0,0.5,15.0,0.0019943714141845703,[1],0.43108655737233387,0.1436955191241113
30,"Qlearntab_Language_{'alpha': 0.05, 'gamma': 0.95, 'epsilon': 0.2, 'epsilon_step': 0.01}",,30,0,0.5,15.5,0.000997304916381836,[1],0.4370322295037172,0.1456774098345724
31,"Qlearntab_Language_{'alpha': 0.05, 'gamma': 0.95, 'epsilon': 0.2, 'epsilon_step': 0.01}",,31,0,0.5,16.0,0.0009970664978027344,[1],0.4426806180285313,0.14756020600951045
32,"Qlearntab_Language_{'alpha': 0.05, 'gamma': 0.95, 'epsilon': 0.2, 'epsilon_step': 0.01}",,32,0,0.5,16.5,0.001995086669921875,[1],0.44804658712710477,0.14934886237570158
33,"Qlearntab_Language_{'alpha': 0.05, 'gamma': 0.95, 'epsilon': 0.2, 'epsilon_step': 0.01}",,33,0,0.5,17.0,0.0019941329956054688,[1],0.4531442577707495,0.15104808592358318
34,"Qlearntab_Language_{'alpha': 0.05, 'gamma': 0.95, 'epsilon': 0.2, 'epsilon_step': 0.01}",,34,0,0.5,17.5,0.000997781753540039,[1],0.45798704488221204,0.1526623482940707
35,"Qlearntab_Language_{'alpha': 0.05, 'gamma': 0.95, 'epsilon': 0.2, 'epsilon_step': 0.01}",,35,0,0.5,18.0,0.0019943714141845703,[1],0.46258769263810146,0.15419589754603383
36,"Qlearntab_Language_{'alpha': 0.05, 'gamma': 0.95, 'epsilon': 0.2, 'epsilon_step': 0.01}",,36,0,0.5,18.5,0.0019948482513427734,[1],0.46695830800619637,0.1556527693353988
37,"Qlearntab_Language_{'alpha': 0.05, 'gamma': 0.95, 'epsilon': 0.2, 'epsilon_step': 0.01}",,37,0,0.5,19.0,0.000997781753540039,[1],0.47111039260588655,0.1570367975352955
38,"Qlearntab_Language_{'alpha': 0.05, 'gamma': 0.95, 'epsilon': 0.2, 'epsilon_step': 0.01}",,38,0,0.5,19.5,0.0019943714141845703,[1],0.47505487297559224,0.15835162432519742
39,"Qlearntab_Language_{'alpha': 0.05, 'gamma': 0.95, 'epsilon': 0.2, 'epsilon_step': 0.01}",,39,0,0.5,20.0,0.001994609832763672,[1],0.47880212932681265,0.15960070977560423
40,"Qlearntab_Language_{'alpha': 0.05, 'gamma': 0.95, 'epsilon': 0.2, 'epsilon_step': 0.01}",,40,0,0.5,20.5,0.0009975433349609375,[1],0.48236202286047203,0.16078734095349068
41,"Qlearntab_Language_{'alpha': 0.05, 'gamma': 0.95, 'epsilon': 0.2, 'epsilon_step': 0.01}",,41,0,0.5,21.0,0.0009970664978027344,[1],0.48574392171744846,0.1619146405724828
42,"Qlearntab_Language_{'alpha': 0.05, 'gamma': 0.95, 'epsilon': 0.2, 'epsilon_step': 0.01}",,42,0,0.5,21.5,0.001995086669921875,[1],0.48895672563157605,0.16298557521052534
43,"Qlearntab_Language_{'alpha': 0.05, 'gamma': 0.95, 'epsilon': 0.2, 'epsilon_step': 0.01}",,43,0,0.5,22.0,0.0019943714141845703,[1],0.49200888934999726,0.16400296311666576
44,"Qlearntab_Language_{'alpha': 0.05, 'gamma': 0.95, 'epsilon': 0.2, 'epsilon_step': 0.01}",,44,0,0.5,22.5,0.0009975433349609375,[1],0.4949084448824974,0.16496948162749914
45,"Qlearntab_Language_{'alpha': 0.05, 'gamma': 0.95, 'epsilon': 0.2, 'epsilon_step': 0.01}",,45,0,0.5,23.0,0.0009970664978027344,[1],0.49766302263837253,0.16588767421279085
46,"Qlearntab_Language_{'alpha': 0.05, 'gamma': 0.95, 'epsilon': 0.2, 'epsilon_step': 0.01}",,46,0,0.5,23.5,0.001995086669921875,[1],0.5002798715064539,0.16675995716881797
47,"Qlearntab_Language_{'alpha': 0.05, 'gamma': 0.95, 'epsilon': 0.2, 'epsilon_step': 0.01}",,47,0,0.5,24.0,0.0019941329956054688,[1],0.5027658779311313,0.16758862597704374
48,"Qlearntab_Language_{'alpha': 0.05, 'gamma': 0.95, 'epsilon': 0.2, 'epsilon_step': 0.01}",,48,0,0.5,24.5,0.0019948482513427734,[1],0.5051275840345747,0.16837586134485824
49,"Qlearntab_Language_{'alpha': 0.05, 'gamma': 0.95, 'epsilon': 0.2, 'epsilon_step': 0.01}",,49,0,0.5,25.0,0.0019943714141845703,[1],0.507371204832846,0.169123734944282
50,"Qlearntab_Language_{'alpha': 0.05, 'gamma': 0.95, 'epsilon': 0.2, 'epsilon_step': 0.01}",,50,99,0.0,25.0,0.140625,"[0, 1, 0, 1, 0, 0, 1, 0, 1, 1, 0, 0, 1, 0, 1, 1, 0, 0, 0, 1, 1, 0, 0, 1, 1, 0, 0, 1, 0, 1, 0, 0, 1, 0, 1, 1, 0, 1, 0, 0, 1, 1, 1, 0, 0, 0, 0, 1, 0, 1, 0, 1, 1, 0, 0, 1, 1, 1, 1, 1, 1, 1, 1, 0, 0, 1, 0, 0, 1, 0, 0, 0, 0, 1, 0, 1, 0, 1, 0, 0, 1, 1, 1, 1, 0, 0, 1, 1, 1, 1, 0, 0, 0, 0, 1, 0, 0, 1, 1, 0]",0.507371204832846,0.169123734944282
51,"Qlearntab_Language_{'alpha': 0.05, 'gamma': 0.95, 'epsilon': 0.2, 'epsilon_step': 0.01}",,51,7,0.5,25.5,0.005983829498291016,"[0, 1, 1, 0, 0, 1, 1, 1]",0.5334932360828462,0.10669864721656923
52,"Qlearntab_Language_{'alpha': 0.05, 'gamma': 0.95, 'epsilon': 0.2, 'epsilon_step': 0.01}",,52,0,0.5,26.0,0.000997304916381836,[1],0.5356246758412039,0.10712493516824077
53,"Qlearntab_Language_{'alpha': 0.05, 'gamma': 0.95, 'epsilon': 0.2, 'epsilon_step': 0.01}",,53,0,0.5,26.5,0.0009975433349609375,[1],0.5376495436116437,0.10752990872232875
54,"Qlearntab_Language_{'alpha': 0.05, 'gamma': 0.95, 'epsilon': 0.2, 'epsilon_step': 0.01}",,54,0,0.5,27.0,0.000997304916381836,[1],0.5395731679935616,0.10791463359871231
55,"Qlearntab_Language_{'alpha': 0.05, 'gamma': 0.95, 'epsilon': 0.2, 'epsilon_step': 0.01}",,55,0,0.5,27.5,0.000997304916381836,[1],0.5414006111563836,0.10828012223127673
56,"Qlearntab_Language_{'alpha': 0.05, 'gamma': 0.95, 'epsilon': 0.2, 'epsilon_step': 0.01}",,56,0,0.5,28.0,0.000997304916381836,[1],0.5431366821610644,0.10862733643221287
57,"Qlearntab_Language_{'alpha': 0.05, 'gamma': 0.95, 'epsilon': 0.2, 'epsilon_step': 0.01}",,57,0,0.5,28.5,0.0009975433349609375,[1],0.5447859496155112,0.10895718992310224
58,"Qlearntab_Language_{'alpha': 0.05, 'gamma': 0.95, 'epsilon': 0.2, 'epsilon_step': 0.01}",,58,0,0.5,29.0,0.000997304916381836,[1],0.5463527536972357,0.10927055073944714
59,"Qlearntab_Language_{'alpha': 0.05, 'gamma': 0.95, 'epsilon': 0.2, 'epsilon_step': 0.01}",,59,0,0.5,29.5,0.001994609832763672,[1],0.5478412175748739,0.10956824351497478
60,"Qlearntab_Language_{'alpha': 0.05, 'gamma': 0.95, 'epsilon': 0.2, 'epsilon_step': 0.01}",,60,0,0.5,30.0,0.000997304916381836,[1],0.5492552582586303,0.10985105165172607
61,"Qlearntab_Language_{'alpha': 0.05, 'gamma': 0.95, 'epsilon': 0.2, 'epsilon_step': 0.01}",,61,0,0.5,30.5,0.000997304916381836,[1],0.5505985969081988,0.11011971938163975
62,"Qlearntab_Language_{'alpha': 0.05, 'gamma': 0.95, 'epsilon': 0.2, 'epsilon_step': 0.01}",,62,0,0.5,31.0,0.000997304916381836,[1],0.551874768625289,0.11037495372505779
63,"Qlearntab_Language_{'alpha': 0.05, 'gamma': 0.95, 'epsilon': 0.2, 'epsilon_step': 0.01}",,63,0,0.5,31.5,0.001994609832763672,[1],0.5530871317565245,0.11061742635130489
64,"Qlearntab_Language_{'alpha': 0.05, 'gamma': 0.95, 'epsilon': 0.2, 'epsilon_step': 0.01}",,64,3,0.5,32.0,0.003989458084106445,"[0, 1, 1, 1]",0.5779593266783996,0.09632655444639993
65,"Qlearntab_Language_{'alpha': 0.05, 'gamma': 0.95, 'epsilon': 0.2, 'epsilon_step': 0.01}",,65,0,0.5,32.5,0.000997304916381836,[1],0.5791110716530734,0.0965185119421789
66,"Qlearntab_Language_{'alpha': 0.05, 'gamma': 0.95, 'epsilon': 0.2, 'epsilon_step': 0.01}",,66,3,0.5,33.0,0.004986763000488281,"[0, 1, 1, 1]",0.6039209588210421,0.10065349313684036
67,"Qlearntab_Language_{'alpha': 0.05, 'gamma': 0.95, 'epsilon': 0.2, 'epsilon_step': 0.01}",,67,0,0.5,33.5,0.0,[1],0.6050151165469823,0.10083585275783037
68,"Qlearntab_Language_{'alpha': 0.05, 'gamma': 0.95, 'epsilon': 0.2, 'epsilon_step': 0.01}",,68,0,0.5,34.0,0.0009975433349609375,[1],0.6060545663866254,0.1010090943977709
69,"Qlearntab_Language_{'alpha': 0.05, 'gamma': 0.95, 'epsilon': 0.2, 'epsilon_step': 0.01}",,69,0,0.5,34.5,0.0009970664978027344,[1],0.6070420437342863,0.10117367395571437
70,"Qlearntab_Language_{'alpha': 0.05, 'gamma': 0.95, 'epsilon': 0.2, 'epsilon_step': 0.01}",,70,0,0.5,35.0,0.000997304916381836,[1],0.6079801472145642,0.10133002453576069
71,"Qlearntab_Language_{'alpha': 0.05, 'gamma': 0.95, 'epsilon': 0.2, 'epsilon_step': 0.01}",,71,0,0.5,35.5,0.0009975433349609375,[1],0.6088713455208281,0.10147855758680469
72,"Qlearntab_Language_{'alpha': 0.05, 'gamma': 0.95, 'epsilon': 0.2, 'epsilon_step': 0.01}",,72,0,0.5,36.0,0.000997304916381836,[1],0.6097179839117789,0.10161966398529648
73,"Qlearntab_Language_{'alpha': 0.05, 'gamma': 0.95, 'epsilon': 0.2, 'epsilon_step': 0.01}",,73,0,0.5,36.5,0.000997304916381836,[1],0.6105222903831822,0.1017537150638637
74,"Qlearntab_Language_{'alpha': 0.05, 'gamma': 0.95, 'epsilon': 0.2, 'epsilon_step': 0.01}",,74,3,0.5,37.0,0.0029921531677246094,"[0, 1, 1, 1]",0.6352697901234166,0.10587829835390276
75,"Qlearntab_Language_{'alpha': 0.05, 'gamma': 0.95, 'epsilon': 0.2, 'epsilon_step': 0.01}",,75,3,0.5,37.5,0.0029921531677246094,"[0, 1, 1, 1]",0.6599546110623814,0.10999243517706357
76,"Qlearntab_Language_{'alpha': 0.05, 'gamma': 0.95, 'epsilon': 0.2, 'epsilon_step': 0.01}",,76,0,0.5,38.0,0.0009965896606445312,[1],0.6607187022102146,0.11011978370170243
77,"Qlearntab_Language_{'alpha': 0.05, 'gamma': 0.95, 'epsilon': 0.2, 'epsilon_step': 0.01}",,77,0,0.5,38.5,0.0009980201721191406,[1],0.6614445888006559,0.11024076480010932
78,"Qlearntab_Language_{'alpha': 0.05, 'gamma': 0.95, 'epsilon': 0.2, 'epsilon_step': 0.01}",,78,0,0.5,39.0,0.000997304916381836,[1],0.6621341810615753,0.11035569684359588
79,"Qlearntab_Language_{'alpha': 0.05, 'gamma': 0.95, 'epsilon': 0.2, 'epsilon_step': 0.01}",,79,3,0.5,39.5,0.003989219665527344,"[0, 1, 1, 1]",0.6867557393637359,0.11445928989395598
80,"Qlearntab_Language_{'alpha': 0.05, 'gamma': 0.95, 'epsilon': 0.2, 'epsilon_step': 0.01}",,80,0,0.5,40.0,0.0009975433349609375,[1],0.6874108520116093,0.11456847533526822
81,"Qlearntab_Language_{'alpha': 0.05, 'gamma': 0.95, 'epsilon': 0.2, 'epsilon_step': 0.01}",,81,0,0.5,40.5,0.000997304916381836,[1],0.6880332090270891,0.11467220150451485
82,"Qlearntab_Language_{'alpha': 0.05, 'gamma': 0.95, 'epsilon': 0.2, 'epsilon_step': 0.01}",,82,98,1.0,41.5,0.1090230941772461,"[0, 0, 0, 1, 0, 1, 0, 1, 0, 1, 0, 1, 0, 1, 0, 1, 0, 1, 0, 1, 0, 1, 1, 0, 0, 0, 0, 1, 1, 1, 0, 0, 1, 1, 1, 1, 0, 0, 0, 1, 1, 0, 0, 1, 1, 0, 1, 1, 1, 1, 0, 0, 0, 1, 0, 0, 0, 1, 1, 0, 1, 1, 0, 1, 0, 0, 1, 1, 1, 0, 1, 1, 1, 0, 1, 1, 0, 1, 1, 1, 1, 1, 0, 1, 0, 1, 1, 0, 0, 1, 0, 1, 0, 1, 0, 0, 0, 1, 1]",0.7381701787635548,0.0820189087515061
83,"Qlearntab_Language_{'alpha': 0.05, 'gamma': 0.95, 'epsilon': 0.2, 'epsilon_step': 0.01}",,83,0,0.5,42.0,0.003989458084106445,[1],0.7387614179282607,0.08208460199202897
84,"Qlearntab_Language_{'alpha': 0.05, 'gamma': 0.95, 'epsilon': 0.2, 'epsilon_step': 0.01}",,84,0,0.5,42.5,0.0009975433349609375,[1],0.7393230951347312,0.08214701057052569
85,"Qlearntab_Language_{'alpha': 0.05, 'gamma': 0.95, 'epsilon': 0.2, 'epsilon_step': 0.01}",,85,0,0.5,43.0,0.000997304916381836,[1],0.7398566884808782,0.08220629872009758
86,"Qlearntab_Language_{'alpha': 0.05, 'gamma': 0.95, 'epsilon': 0.2, 'epsilon_step': 0.01}",,86,3,0.5,43.5,0.007978677749633789,"[0, 1, 1, 1]",0.7644111164229119,0.08493456849143466
87,"Qlearntab_Language_{'alpha': 0.05, 'gamma': 0.95, 'epsilon': 0.2, 'epsilon_step': 0.01}",,87,0,0.5,44.0,0.003989458084106445,[1],0.7649180301017515,0.08499089223352795
88,"Qlearntab_Language_{'alpha': 0.05, 'gamma': 0.95, 'epsilon': 0.2, 'epsilon_step': 0.01}",,88,0,0.5,44.5,0.000997304916381836,[1],0.7653995980966491,0.08504439978851658
89,"Qlearntab_Language_{'alpha': 0.05, 'gamma': 0.95, 'epsilon': 0.2, 'epsilon_step': 0.01}",,89,0,0.5,45.0,0.000997304916381836,[1],0.7658570876918018,0.08509523196575576
90,"Qlearntab_Language_{'alpha': 0.05, 'gamma': 0.95, 'epsilon': 0.2, 'epsilon_step': 0.01}",,90,0,0.5,45.5,0.0029921531677246094,[1],0.7662917028071969,0.08514352253413299
91,"Qlearntab_Language_{'alpha': 0.05, 'gamma': 0.95, 'epsilon': 0.2, 'epsilon_step': 0.01}",,91,0,0.5,46.0,0.001994609832763672,[1],0.7667045871668223,0.08518939857409137
92,"Qlearntab_Language_{'alpha': 0.05, 'gamma': 0.95, 'epsilon': 0.2, 'epsilon_step': 0.01}",,92,0,0.5,46.5,0.0009975433349609375,[1],0.7670968273084664,0.08523298081205183
93,"Qlearntab_Language_{'alpha': 0.05, 'gamma': 0.95, 'epsilon': 0.2, 'epsilon_step': 0.01}",,93,0,0.5,47.0,0.0019943714141845703,[1],0.7674694554430282,0.08527438393811425
94,"Qlearntab_Language_{'alpha': 0.05, 'gamma': 0.95, 'epsilon': 0.2, 'epsilon_step': 0.01}",,94,0,0.5,47.5,0.0010228157043457031,[1],0.767823452170862,0.08531371690787355
95,"Qlearntab_Language_{'alpha': 0.05, 'gamma': 0.95, 'epsilon': 0.2, 'epsilon_step': 0.01}",,95,0,0.5,48.0,0.001970529556274414,[1],0.7681597490623041,0.0853510832291449
96,"Qlearntab_Language_{'alpha': 0.05, 'gamma': 0.95, 'epsilon': 0.2, 'epsilon_step': 0.01}",,96,0,0.5,48.5,0.0010221004486083984,[1],0.7684792311091742,0.08538658123435268
97,"Qlearntab_Language_{'alpha': 0.05, 'gamma': 0.95, 'epsilon': 0.2, 'epsilon_step': 0.01}",,97,0,0.5,49.0,0.001971006393432617,[1],0.7687827390537006,0.08542030433930008
98,"Qlearntab_Language_{'alpha': 0.05, 'gamma': 0.95, 'epsilon': 0.2, 'epsilon_step': 0.01}",,98,0,0.5,49.5,0.002017498016357422,[1],0.7690710716010007,0.08545234128900009
99,"Qlearntab_Language_{'alpha': 0.05, 'gamma': 0.95, 'epsilon': 0.2, 'epsilon_step': 0.01}",,99,0,0.5,50.0,0.0009741783142089844,[1],0.7693449875209359,0.0854827763912151
100,"Qlearntab_Language_{'alpha': 0.05, 'gamma': 0.95, 'epsilon': 0.2, 'epsilon_step': 0.01}",,100,0,0.5,50.5,0.0019948482513427734,[1],0.7696052076448743,0.08551168973831937
101,"Qlearntab_Language_{'alpha': 0.05, 'gamma': 0.95, 'epsilon': 0.2, 'epsilon_step': 0.01}",,101,0,0.5,51.0,0.0010228157043457031,[1],0.7698524167626157,0.08553915741806842
102,"Qlearntab_Language_{'alpha': 0.05, 'gamma': 0.95, 'epsilon': 0.2, 'epsilon_step': 0.01}",,102,0,0.5,51.5,0.001968860626220703,[1],0.7700872654244701,0.08556525171383002
103,"Qlearntab_Language_{'alpha': 0.05, 'gamma': 0.95, 'epsilon': 0.2, 'epsilon_step': 0.01}",,103,0,0.5,52.0,0.0029921531677246094,[1],0.7703103716532318,0.08559004129480353
104,"Qlearntab_Language_{'alpha': 0.05, 'gamma': 0.95, 'epsilon': 0.2, 'epsilon_step': 0.01}",,104,0,0.5,52.5,0.0020177364349365234,[1],0.7705223225705554,0.08561359139672838
105,"Qlearntab_Language_{'alpha': 0.05, 'gamma': 0.95, 'epsilon': 0.2, 'epsilon_step': 0.01}",,105,0,0.5,53.0,0.0009996891021728516,[1],0.7707236759420129,0.08563596399355698
106,"Qlearntab_Language_{'alpha': 0.05, 'gamma': 0.95, 'epsilon': 0.2, 'epsilon_step': 0.01}",,106,0,0.5,53.5,0.001992464065551758,[1],0.7709149616448974,0.08565721796054415
107,"Qlearntab_Language_{'alpha': 0.05, 'gamma': 0.95, 'epsilon': 0.2, 'epsilon_step': 0.01}",,107,0,0.5,54.0,0.0009741783142089844,[1],0.7710966830626377,0.08567740922918196
108,"Qlearntab_Language_{'alpha': 0.05, 'gamma': 0.95, 'epsilon': 0.2, 'epsilon_step': 0.01}",,108,0,0.5,54.5,0.002017974853515625,[1],0.771269318409491,0.08569659093438789
109,"Qlearntab_Language_{'alpha': 0.05, 'gamma': 0.95, 'epsilon': 0.2, 'epsilon_step': 0.01}",,109,0,0.5,55.0,0.0019714832305908203,[1],0.7714333219890016,0.08571481355433351
110,"Qlearntab_Language_{'alpha': 0.05, 'gamma': 0.95, 'epsilon': 0.2, 'epsilon_step': 0.01}",,110,0,0.5,55.5,0.0009970664978027344,[1],0.7715891253895367,0.08573212504328186
111,"Qlearntab_Language_{'alpha': 0.05, 'gamma': 0.95, 'epsilon': 0.2, 'epsilon_step': 0.01}",,111,0,0.5,56.0,0.0019948482513427734,[1],0.7717371386200451,0.0857485709577828
112,"Qlearntab_Language_{'alpha': 0.05, 'gamma': 0.95, 'epsilon': 0.2, 'epsilon_step': 0.01}",,112,0,0.5,56.5,0.000997304916381836,[1],0.771877751189028,0.08576419457655866
113,"Qlearntab_Language_{'alpha': 0.05, 'gamma': 0.95, 'epsilon': 0.2, 'epsilon_step': 0.01}",,113,3,0.5,57.0,0.004986763000488281,"[0, 1, 1, 1]",0.7963681483565157,0.08848534981739063
114,"Qlearntab_Language_{'alpha': 0.05, 'gamma': 0.95, 'epsilon': 0.2, 'epsilon_step': 0.01}",,114,0,0.5,57.5,0.001024484634399414,[1],0.7965017302970495,0.08850019225522772
115,"Qlearntab_Language_{'alpha': 0.05, 'gamma': 0.95, 'epsilon': 0.2, 'epsilon_step': 0.01}",,115,0,0.5,58.0,0.001967906951904297,[1],0.7966286331405565,0.08851429257117295
116,"Qlearntab_Language_{'alpha': 0.05, 'gamma': 0.95, 'epsilon': 0.2, 'epsilon_step': 0.01}",,116,0,0.5,58.5,0.0009970664978027344,[1],0.7967491908418882,0.08852768787132091
117,"Qlearntab_Language_{'alpha': 0.05, 'gamma': 0.95, 'epsilon': 0.2, 'epsilon_step': 0.01}",,117,0,0.5,59.0,0.0019943714141845703,[1],0.7968637206581534,0.08854041340646149
118,"Qlearntab_Language_{'alpha': 0.05, 'gamma': 0.95, 'epsilon': 0.2, 'epsilon_step': 0.01}",,118,0,0.5,59.5,0.000997781753540039,[1],0.7969725239836052,0.08855250266484502
119,"Qlearntab_Language_{'alpha': 0.05, 'gamma': 0.95, 'epsilon': 0.2, 'epsilon_step': 0.01}",,119,0,0.5,60.0,0.0019943714141845703,[1],0.7970758871427845,0.0885639874603094
120,"Qlearntab_Language_{'alpha': 0.05, 'gamma': 0.95, 'epsilon': 0.2, 'epsilon_step': 0.01}",,120,0,0.5,60.5,0.0009970664978027344,[1],0.7971740821440049,0.08857489801600055
121,"Qlearntab_Language_{'alpha': 0.05, 'gamma': 0.95, 'epsilon': 0.2, 'epsilon_step': 0.01}",,121,0,0.5,61.0,0.0019948482513427734,[1],0.7972673673951642,0.08858526304390714
122,"Qlearntab_Language_{'alpha': 0.05, 'gamma': 0.95, 'epsilon': 0.2, 'epsilon_step': 0.01}",,122,0,0.5,61.5,0.000997304916381836,[1],0.7973559883837655,0.08859510982041839
123,"Qlearntab_Language_{'alpha': 0.05, 'gamma': 0.95, 'epsilon': 0.2, 'epsilon_step': 0.01}",,123,0,0.5,62.0,0.0019948482513427734,[1],0.7974401783229368,0.08860446425810409
124,"Qlearntab_Language_{'alpha': 0.05, 'gamma': 0.95, 'epsilon': 0.2, 'epsilon_step': 0.01}",,124,0,0.5,62.5,0.0009970664978027344,[1],0.7975201587651495,0.08861335097390549
125,"Qlearntab_Language_{'alpha': 0.05, 'gamma': 0.95, 'epsilon': 0.2, 'epsilon_step': 0.01}",,125,0,0.5,63.0,0.0019948482513427734,[1],0.7975961401852516,0.08862179335391684
126,"Qlearntab_Language_{'alpha': 0.05, 'gamma': 0.95, 'epsilon': 0.2, 'epsilon_step': 0.01}",,126,0,0.5,63.5,0.000997304916381836,[1],0.7976683225343486,0.08862981361492762
127,"Qlearntab_Language_{'alpha': 0.05, 'gamma': 0.95, 'epsilon': 0.2, 'epsilon_step': 0.01}",,127,0,0.5,64.0,0.0020189285278320312,[1],0.7977368957659907,0.08863743286288786
128,"Qlearntab_Language_{'alpha': 0.05, 'gamma': 0.95, 'epsilon': 0.2, 'epsilon_step': 0.01}",,128,0,0.5,64.5,0.0009987354278564453,[1],0.7978020403360507,0.08864467114845008
129,"Qlearntab_Language_{'alpha': 0.05, 'gamma': 0.95, 'epsilon': 0.2, 'epsilon_step': 0.01}",,129,0,0.5,65.0,0.0009958744049072266,[1],0.7978639276776078,0.0886515475197342
130,"Qlearntab_Language_{'alpha': 0.05, 'gamma': 0.95, 'epsilon': 0.2, 'epsilon_step': 0.01}",,130,0,0.5,65.5,0.0009744167327880859,[1],0.797922720652087,0.08865808007245411
131,"Qlearntab_Language_{'alpha': 0.05, 'gamma': 0.95, 'epsilon': 0.2, 'epsilon_step': 0.01}",,131,0,0.5,66.0,0.000997304916381836,[1],0.7979785739778422,0.08866428599753802
132,"Qlearntab_Language_{'alpha': 0.05, 'gamma': 0.95, 'epsilon': 0.2, 'epsilon_step': 0.01}",,132,0,0.5,66.5,0.001994609832763672,[1],0.7980316346373098,0.08867018162636775
133,"Qlearntab_Language_{'alpha': 0.05, 'gamma': 0.95, 'epsilon': 0.2, 'epsilon_step': 0.01}",,133,7,0.5,67.0,0.008975982666015625,"[0, 1, 1, 0, 0, 1, 1, 1]",0.8311209185580931,0.08311209185580931
134,"Qlearntab_Language_{'alpha': 0.05, 'gamma': 0.95, 'epsilon': 0.2, 'epsilon_step': 0.01}",,134,0,0.5,67.5,0.0009975433349609375,[1],0.8311713261845872,0.08311713261845873
135,"Qlearntab_Language_{'alpha': 0.05, 'gamma': 0.95, 'epsilon': 0.2, 'epsilon_step': 0.01}",,135,0,0.5,68.0,0.000997304916381836,[1],0.8312192134297566,0.08312192134297566
136,"Qlearntab_Language_{'alpha': 0.05, 'gamma': 0.95, 'epsilon': 0.2, 'epsilon_step': 0.01}",,136,0,0.5,68.5,0.000997304916381836,[1],0.8312647063126675,0.08312647063126674
137,"Qlearntab_Language_{'alpha': 0.05, 'gamma': 0.95, 'epsilon': 0.2, 'epsilon_step': 0.01}",,137,0,0.5,69.0,0.0009975433349609375,[1],0.8313079245514328,0.08313079245514328
138,"Qlearntab_Language_{'alpha': 0.05, 'gamma': 0.95, 'epsilon': 0.2, 'epsilon_step': 0.01}",,138,0,0.5,69.5,0.0009970664978027344,[1],0.8313489818782598,0.08313489818782598
139,"Qlearntab_Language_{'alpha': 0.05, 'gamma': 0.95, 'epsilon': 0.2, 'epsilon_step': 0.01}",,139,0,0.5,70.0,0.000997304916381836,[1],0.8313879863387456,0.08313879863387455
140,"Qlearntab_Language_{'alpha': 0.05, 'gamma': 0.95, 'epsilon': 0.2, 'epsilon_step': 0.01}",,140,0,0.5,70.5,0.0019948482513427734,[1],0.831425040576207,0.0831425040576207
141,"Qlearntab_Language_{'alpha': 0.05, 'gamma': 0.95, 'epsilon': 0.2, 'epsilon_step': 0.01}",,141,0,0.5,71.0,0.000997304916381836,[1],0.8314602421017954,0.08314602421017954
142,"Qlearntab_Language_{'alpha': 0.05, 'gamma': 0.95, 'epsilon': 0.2, 'epsilon_step': 0.01}",,142,0,0.5,71.5,0.0019948482513427734,[1],0.8314936835511043,0.08314936835511043
143,"Qlearntab_Language_{'alpha': 0.05, 'gamma': 0.95, 'epsilon': 0.2, 'epsilon_step': 0.01}",,143,0,0.5,72.0,0.0009970664978027344,[1],0.8315254529279479,0.08315254529279478
144,"Qlearntab_Language_{'alpha': 0.05, 'gamma': 0.95, 'epsilon': 0.2, 'epsilon_step': 0.01}",,144,0,0.5,72.5,0.000997304916381836,[1],0.8315556338359492,0.08315556338359492
145,"Qlearntab_Language_{'alpha': 0.05, 'gamma': 0.95, 'epsilon': 0.2, 'epsilon_step': 0.01}",,145,0,0.5,73.0,0.001994609832763672,[1],0.8315843056985505,0.08315843056985504
146,"Qlearntab_Language_{'alpha': 0.05, 'gamma': 0.95, 'epsilon': 0.2, 'epsilon_step': 0.01}",,146,3,0.5,73.5,0.003991127014160156,"[0, 1, 1, 1]",0.8559194325815246,0.08559194325815246
147,"Qlearntab_Language_{'alpha': 0.05, 'gamma': 0.95, 'epsilon': 0.2, 'epsilon_step': 0.01}",,147,0,0.5,74.0,0.0009970664978027344,[1],0.8559466708509957,0.08559466708509958
148,"Qlearntab_Language_{'alpha': 0.05, 'gamma': 0.95, 'epsilon': 0.2, 'epsilon_step': 0.01}",,148,0,0.5,74.5,0.0009970664978027344,[1],0.8559725472069935,0.08559725472069935
149,"Qlearntab_Language_{'alpha': 0.05, 'gamma': 0.95, 'epsilon': 0.2, 'epsilon_step': 0.01}",,149,0,0.5,75.0,0.000997304916381836,[1],0.8559971297451912,0.08559971297451911
150,"Qlearntab_Language_{'alpha': 0.05, 'gamma': 0.95, 'epsilon': 0.2, 'epsilon_step': 0.01}",,150,0,0.5,75.5,0.000997304916381836,[1],0.856020483156479,0.08560204831564791
151,"Qlearntab_Language_{'alpha': 0.05, 'gamma': 0.95, 'epsilon': 0.2, 'epsilon_step': 0.01}",,151,0,0.5,76.0,0.000997304916381836,[1],0.8560426688972025,0.08560426688972025
152,"Qlearntab_Language_{'alpha': 0.05, 'gamma': 0.95, 'epsilon': 0.2, 'epsilon_step': 0.01}",,152,3,0.5,76.5,0.0029921531677246094,"[0, 1, 1, 1]",0.8803029046526436,0.08803029046526437
153,"Qlearntab_Language_{'alpha': 0.05, 'gamma': 0.95, 'epsilon': 0.2, 'epsilon_step': 0.01}",,153,0,0.5,77.0,0.001993894577026367,[1],0.8803239811063309,0.0880323981106331
154,"Qlearntab_Language_{'alpha': 0.05, 'gamma': 0.95, 'epsilon': 0.2, 'epsilon_step': 0.01}",,154,0,0.5,77.5,0.0009975433349609375,[1],0.8803440037373338,0.08803440037373338
155,"Qlearntab_Language_{'alpha': 0.05, 'gamma': 0.95, 'epsilon': 0.2, 'epsilon_step': 0.01}",,155,0,0.5,78.0,0.0010211467742919922,[1],0.8803630252367867,0.08803630252367867
156,"Qlearntab_Language_{'alpha': 0.05, 'gamma': 0.95, 'epsilon': 0.2, 'epsilon_step': 0.01}",,156,0,0.5,78.5,0.0009734630584716797,[1],0.8803810956612668,0.08803810956612668
157,"Qlearntab_Language_{'alpha': 0.05, 'gamma': 0.95, 'epsilon': 0.2, 'epsilon_step': 0.01}",,157,0,0.5,79.0,0.0009975433349609375,[1],0.8803982625645229,0.08803982625645229
158,"Qlearntab_Language_{'alpha': 0.05, 'gamma': 0.95, 'epsilon': 0.2, 'epsilon_step': 0.01}",,158,0,0.5,79.5,0.0019941329956054688,[1],0.8804145711226162,0.08804145711226162
159,"Qlearntab_Language_{'alpha': 0.05, 'gamma': 0.95, 'epsilon': 0.2, 'epsilon_step': 0.01}",,159,0,0.5,80.0,0.001994609832763672,[1],0.8804300642528049,0.08804300642528048
160,"Qlearntab_Language_{'alpha': 0.05, 'gamma': 0.95, 'epsilon': 0.2, 'epsilon_step': 0.01}",,160,0,0.5,80.5,0.0010204315185546875,[1],0.8804447827264841,0.08804447827264841
161,"Qlearntab_Language_{'alpha': 0.05, 'gamma': 0.95, 'epsilon': 0.2, 'epsilon_step': 0.01}",,161,0,0.5,81.0,0.0009720325469970703,[1],0.8804587652764794,0.08804587652764793
162,"Qlearntab_Language_{'alpha': 0.05, 'gamma': 0.95, 'epsilon': 0.2, 'epsilon_step': 0.01}",,162,0,0.5,81.5,0.000997304916381836,[1],0.8804720486989749,0.08804720486989749
163,"Qlearntab_Language_{'alpha': 0.05, 'gamma': 0.95, 'epsilon': 0.2, 'epsilon_step': 0.01}",,163,0,0.5,82.0,0.001994609832763672,[1],0.8804846679503456,0.08804846679503456
164,"Qlearntab_Language_{'alpha': 0.05, 'gamma': 0.95, 'epsilon': 0.2, 'epsilon_step': 0.01}",,164,0,0.5,82.5,0.0010211467742919922,[1],0.8804966562391479,0.08804966562391478
165,"Qlearntab_Language_{'alpha': 0.05, 'gamma': 0.95, 'epsilon': 0.2, 'epsilon_step': 0.01}",,165,0,0.5,83.0,0.0009734630584716797,[1],0.8805080451135099,0.08805080451135099
166,"Qlearntab_Language_{'alpha': 0.05, 'gamma': 0.95, 'epsilon': 0.2, 'epsilon_step': 0.01}",,166,0,0.5,83.5,0.0009734630584716797,[1],0.8805188645441538,0.08805188645441539
167,"Qlearntab_Language_{'alpha': 0.05, 'gamma': 0.95, 'epsilon': 0.2, 'epsilon_step': 0.01}",,167,0,0.5,84.0,0.001020669937133789,[1],0.8805291430032656,0.08805291430032655
168,"Qlearntab_Language_{'alpha': 0.05, 'gamma': 0.95, 'epsilon': 0.2, 'epsilon_step': 0.01}",,168,0,0.5,84.5,0.0019712448120117188,[1],0.8805389075394218,0.08805389075394218
169,"Qlearntab_Language_{'alpha': 0.05, 'gamma': 0.95, 'epsilon': 0.2, 'epsilon_step': 0.01}",,169,3,0.5,85.0,0.00498652458190918,"[0, 1, 1, 1]",0.9047207221300202,0.09047207221300202
170,"Qlearntab_Language_{'alpha': 0.05, 'gamma': 0.95, 'epsilon': 0.2, 'epsilon_step': 0.01}",,170,0,0.5,85.5,0.0009975433349609375,[1],0.9047299984393686,0.09047299984393686
171,"Qlearntab_Language_{'alpha': 0.05, 'gamma': 0.95, 'epsilon': 0.2, 'epsilon_step': 0.01}",,171,0,0.5,86.0,0.0009975433349609375,[1],0.9047388109332496,0.09047388109332496
172,"Qlearntab_Language_{'alpha': 0.05, 'gamma': 0.95, 'epsilon': 0.2, 'epsilon_step': 0.01}",,172,0,0.5,86.5,0.0010228157043457031,[1],0.9047471828024365,0.09047471828024364
173,"Qlearntab_Language_{'alpha': 0.05, 'gamma': 0.95, 'epsilon': 0.2, 'epsilon_step': 0.01}",,173,0,0.5,87.0,0.0009715557098388672,[1],0.904755136078164,0.0904755136078164
174,"Qlearntab_Language_{'alpha': 0.05, 'gamma': 0.95, 'epsilon': 0.2, 'epsilon_step': 0.01}",,174,0,0.5,87.5,0.0009975433349609375,[1],0.9047626916901053,0.09047626916901053
175,"Qlearntab_Language_{'alpha': 0.05, 'gamma': 0.95, 'epsilon': 0.2, 'epsilon_step': 0.01}",,175,0,0.5,88.0,0.000997304916381836,[1],0.9047698695214494,0.09047698695214494
176,"Qlearntab_Language_{'alpha': 0.05, 'gamma': 0.95, 'epsilon': 0.2, 'epsilon_step': 0.01}",,176,0,0.5,88.5,0.0010159015655517578,[1],0.9047766884612264,0.09047766884612264
177,"Qlearntab_Language_{'alpha': 0.05, 'gamma': 0.95, 'epsilon': 0.2, 'epsilon_step': 0.01}",,177,0,0.5,89.0,0.0009784698486328125,[1],0.9047831664540145,0.09047831664540144
178,"Qlearntab_Language_{'alpha': 0.05, 'gamma': 0.95, 'epsilon': 0.2, 'epsilon_step': 0.01}",,178,0,0.5,89.5,0.0009975433349609375,[1],0.9047893205471631,0.09047893205471631
179,"Qlearntab_Language_{'alpha': 0.05, 'gamma': 0.95, 'epsilon': 0.2, 'epsilon_step': 0.01}",,179,0,0.5,90.0,0.0009965896606445312,[1],0.9047951669356544,0.09047951669356544
180,"Qlearntab_Language_{'alpha': 0.05, 'gamma': 0.95, 'epsilon': 0.2, 'epsilon_step': 0.01}",,180,0,0.5,90.5,0.0009739398956298828,[1],0.9048007210047211,0.09048007210047211
181,"Qlearntab_Language_{'alpha': 0.05, 'gamma': 0.95, 'epsilon': 0.2, 'epsilon_step': 0.01}",,181,0,0.5,91.0,0.000997304916381836,[1],0.9048059973703344,0.09048059973703344
182,"Qlearntab_Language_{'alpha': 0.05, 'gamma': 0.95, 'epsilon': 0.2, 'epsilon_step': 0.01}",,182,0,0.5,91.5,0.0,[1],0.9048110099176672,0.09048110099176672
183,"Qlearntab_Language_{'alpha': 0.05, 'gamma': 0.95, 'epsilon': 0.2, 'epsilon_step': 0.01}",,183,3,0.5,92.0,0.0029916763305664062,"[0, 1, 1, 1]",0.9289105267983163,0.09289105267983164
184,"Qlearntab_Language_{'alpha': 0.05, 'gamma': 0.95, 'epsilon': 0.2, 'epsilon_step': 0.01}",,184,0,0.5,92.5,0.000997781753540039,[1],0.9289152887182823,0.09289152887182824
185,"Qlearntab_Language_{'alpha': 0.05, 'gamma': 0.95, 'epsilon': 0.2, 'epsilon_step': 0.01}",,185,0,0.5,93.0,0.0009980201721191406,[1],0.9289198125422501,0.09289198125422501
186,"Qlearntab_Language_{'alpha': 0.05, 'gamma': 0.95, 'epsilon': 0.2, 'epsilon_step': 0.01}",,186,0,0.5,93.5,0.0009968280792236328,[1],0.9289241101750194,0.09289241101750194
187,"Qlearntab_Language_{'alpha': 0.05, 'gamma': 0.95, 'epsilon': 0.2, 'epsilon_step': 0.01}",,187,0,0.5,94.0,0.000997304916381836,[1],0.9289281929261504,0.09289281929261503
188,"Qlearntab_Language_{'alpha': 0.05, 'gamma': 0.95, 'epsilon': 0.2, 'epsilon_step': 0.01}",,188,0,0.5,94.5,0.0009980201721191406,[1],0.9289320715397247,0.09289320715397247
189,"Qlearntab_Language_{'alpha': 0.05, 'gamma': 0.95, 'epsilon': 0.2, 'epsilon_step': 0.01}",,189,0,0.5,95.0,0.0009968280792236328,[1],0.9289357562226204,0.09289357562226204
190,"Qlearntab_Language_{'alpha': 0.05, 'gamma': 0.95, 'epsilon': 0.2, 'epsilon_step': 0.01}",,190,0,0.5,95.5,0.0009975433349609375,[1],0.9289392566713712,0.09289392566713713
191,"Qlearntab_Language_{'alpha': 0.05, 'gamma': 0.95, 'epsilon': 0.2, 'epsilon_step': 0.01}",,191,0,0.5,96.0,0.001994609832763672,[1],0.9289425820976845,0.09289425820976846
192,"Qlearntab_Language_{'alpha': 0.05, 'gamma': 0.95, 'epsilon': 0.2, 'epsilon_step': 0.01}",,192,0,0.5,96.5,0.000997304916381836,[1],0.9289457412526823,0.09289457412526822
193,"Qlearntab_Language_{'alpha': 0.05, 'gamma': 0.95, 'epsilon': 0.2, 'epsilon_step': 0.01}",,193,0,0.5,97.0,0.0009975433349609375,[1],0.9289487424499301,0.09289487424499301
194,"Qlearntab_Language_{'alpha': 0.05, 'gamma': 0.95, 'epsilon': 0.2, 'epsilon_step': 0.01}",,194,0,0.5,97.5,0.0009970664978027344,[1],0.9289515935873154,0.09289515935873154
195,"Qlearntab_Language_{'alpha': 0.05, 'gamma': 0.95, 'epsilon': 0.2, 'epsilon_step': 0.01}",,195,0,0.5,98.0,0.0019943714141845703,[1],0.9289543021678315,0.09289543021678315
196,"Qlearntab_Language_{'alpha': 0.05, 'gamma': 0.95, 'epsilon': 0.2, 'epsilon_step': 0.01}",,196,0,0.5,98.5,0.0009970664978027344,[1],0.9289568753193218,0.09289568753193218
197,"Qlearntab_Language_{'alpha': 0.05, 'gamma': 0.95, 'epsilon': 0.2, 'epsilon_step': 0.01}",,197,0,0.5,99.0,0.001994609832763672,[1],0.9289593198132375,0.09289593198132376
198,"Qlearntab_Language_{'alpha': 0.05, 'gamma': 0.95, 'epsilon': 0.2, 'epsilon_step': 0.01}",,198,0,0.5,99.5,0.0009970664978027344,[1],0.9289616420824576,0.09289616420824576
199,"Qlearntab_Language_{'alpha': 0.05, 'gamma': 0.95, 'epsilon': 0.2, 'epsilon_step': 0.01}",,199,0,0.5,100.0,0.0010254383087158203,[1],0.9289638482382165,0.09289638482382165
200,"Qlearntab_Language_{'alpha': 0.05, 'gamma': 0.95, 'epsilon': 0.2, 'epsilon_step': 0.01}",,200,0,0.5,100.5,0.001965761184692383,[1],0.9289659440861876,0.09289659440861876
201,"Qlearntab_Language_{'alpha': 0.05, 'gamma': 0.95, 'epsilon': 0.2, 'epsilon_step': 0.01}",,201,0,0.5,101.0,0.0009982585906982422,[1],0.9289679351417601,0.09289679351417601
202,"Qlearntab_Language_{'alpha': 0.05, 'gamma': 0.95, 'epsilon': 0.2, 'epsilon_step': 0.01}",,202,0,0.5,101.5,0.0010123252868652344,[1],0.928969826644554,0.0928969826644554
203,"Qlearntab_Language_{'alpha': 0.05, 'gamma': 0.95, 'epsilon': 0.2, 'epsilon_step': 0.01}",,203,0,0.5,102.0,0.0019795894622802734,[1],0.9289716235722081,0.09289716235722081
204,"Qlearntab_Language_{'alpha': 0.05, 'gamma': 0.95, 'epsilon': 0.2, 'epsilon_step': 0.01}",,204,0,0.5,102.5,0.000997304916381836,[1],0.9289733306534795,0.09289733306534795
205,"Qlearntab_Language_{'alpha': 0.05, 'gamma': 0.95, 'epsilon': 0.2, 'epsilon_step': 0.01}",,205,0,0.5,103.0,0.0010077953338623047,[1],0.9289749523806874,0.09289749523806874
206,"Qlearntab_Language_{'alpha': 0.05, 'gamma': 0.95, 'epsilon': 0.2, 'epsilon_step': 0.01}",,206,0,0.5,103.5,0.0019843578338623047,[1],0.928976493021535,0.0928976493021535
207,"Qlearntab_Language_{'alpha': 0.05, 'gamma': 0.95, 'epsilon': 0.2, 'epsilon_step': 0.01}",,207,0,0.5,104.0,0.0010225772857666016,[1],0.92897795663034,0.092897795663034
208,"Qlearntab_Language_{'alpha': 0.05, 'gamma': 0.95, 'epsilon': 0.2, 'epsilon_step': 0.01}",,208,0,0.5,104.5,0.0009717941284179688,[1],0.9289793470587049,0.09289793470587049
209,"Qlearntab_Language_{'alpha': 0.05, 'gamma': 0.95, 'epsilon': 0.2, 'epsilon_step': 0.01}",,209,0,0.5,105.0,0.0019948482513427734,[1],0.9289806679656515,0.09289806679656515
210,"Qlearntab_Language_{'alpha': 0.05, 'gamma': 0.95, 'epsilon': 0.2, 'epsilon_step': 0.01}",,210,0,0.5,105.5,0.001020669937133789,[1],0.9289819228272508,0.09289819228272508
211,"Qlearntab_Language_{'alpha': 0.05, 'gamma': 0.95, 'epsilon': 0.2, 'epsilon_step': 0.01}",,211,0,0.5,106.0,0.0009739398956298828,[1],0.9289831149457701,0.09289831149457702
212,"Qlearntab_Language_{'alpha': 0.05, 'gamma': 0.95, 'epsilon': 0.2, 'epsilon_step': 0.01}",,212,0,0.5,106.5,0.0019941329956054688,[1],0.9289842474583635,0.09289842474583634
213,"Qlearntab_Language_{'alpha': 0.05, 'gamma': 0.95, 'epsilon': 0.2, 'epsilon_step': 0.01}",,213,0,0.5,107.0,0.000997781753540039,[1],0.9289853233453271,0.09289853233453271
214,"Qlearntab_Language_{'alpha': 0.05, 'gamma': 0.95, 'epsilon': 0.2, 'epsilon_step': 0.01}",,214,0,0.5,107.5,0.000997304916381836,[1],0.9289863454379426,0.09289863454379425
215,"Qlearntab_Language_{'alpha': 0.05, 'gamma': 0.95, 'epsilon': 0.2, 'epsilon_step': 0.01}",,215,0,0.5,108.0,0.0019948482513427734,[1],0.9289873164259272,0.09289873164259273
216,"Qlearntab_Language_{'alpha': 0.05, 'gamma': 0.95, 'epsilon': 0.2, 'epsilon_step': 0.01}",,216,0,0.5,108.5,0.0009970664978027344,[1],0.9289882388645128,0.09289882388645128
217,"Qlearntab_Language_{'alpha': 0.05, 'gamma': 0.95, 'epsilon': 0.2, 'epsilon_step': 0.01}",,217,0,0.5,109.0,0.000997781753540039,[1],0.928989115181169,0.0928989115181169
218,"Qlearntab_Language_{'alpha': 0.05, 'gamma': 0.95, 'epsilon': 0.2, 'epsilon_step': 0.01}",,218,0,0.5,109.5,0.001994609832763672,[1],0.9289899476819924,0.09289899476819924
219,"Qlearntab_Language_{'alpha': 0.05, 'gamma': 0.95, 'epsilon': 0.2, 'epsilon_step': 0.01}",,219,0,0.5,110.0,0.0009970664978027344,[1],0.9289907385577747,0.09289907385577748
220,"Qlearntab_Language_{'alpha': 0.05, 'gamma': 0.95, 'epsilon': 0.2, 'epsilon_step': 0.01}",,220,0,0.5,110.5,0.0010254383087158203,[1],0.9289914898897678,0.09289914898897678
221,"Qlearntab_Language_{'alpha': 0.05, 'gamma': 0.95, 'epsilon': 0.2, 'epsilon_step': 0.01}",,221,0,0.5,111.0,0.001966714859008789,[1],0.9289922036551612,0.09289922036551612
222,"Qlearntab_Language_{'alpha': 0.05, 'gamma': 0.95, 'epsilon': 0.2, 'epsilon_step': 0.01}",,222,0,0.5,111.5,0.000997304916381836,[1],0.928992881732285,0.0928992881732285
223,"Qlearntab_Language_{'alpha': 0.05, 'gamma': 0.95, 'epsilon': 0.2, 'epsilon_step': 0.01}",,223,0,0.5,112.0,0.001020669937133789,[1],0.9289935259055526,0.09289935259055526
224,"Qlearntab_Language_{'alpha': 0.05, 'gamma': 0.95, 'epsilon': 0.2, 'epsilon_step': 0.01}",,224,0,0.5,112.5,0.001971721649169922,[1],0.9289941378701568,0.09289941378701569
225,"Qlearntab_Language_{'alpha': 0.05, 'gamma': 0.95, 'epsilon': 0.2, 'epsilon_step': 0.01}",,225,0,0.5,113.0,0.0009970664978027344,[1],0.9289947192365309,0.09289947192365308
226,"Qlearntab_Language_{'alpha': 0.05, 'gamma': 0.95, 'epsilon': 0.2, 'epsilon_step': 0.01}",,226,0,0.5,113.5,0.0019943714141845703,[1],0.9289952715345862,0.09289952715345862
227,"Qlearntab_Language_{'alpha': 0.05, 'gamma': 0.95, 'epsilon': 0.2, 'epsilon_step': 0.01}",,227,0,0.5,114.0,0.0009975433349609375,[1],0.9289957962177386,0.09289957962177386
228,"Qlearntab_Language_{'alpha': 0.05, 'gamma': 0.95, 'epsilon': 0.2, 'epsilon_step': 0.01}",,228,0,0.5,114.5,0.001994609832763672,[1],0.9289962946667336,0.09289962946667336
229,"Qlearntab_Language_{'alpha': 0.05, 'gamma': 0.95, 'epsilon': 0.2, 'epsilon_step': 0.01}",,229,3,0.5,115.0,0.005984067916870117,"[0, 1, 1, 1]",0.9530092983876692,0.09530092983876692
230,"Qlearntab_Language_{'alpha': 0.05, 'gamma': 0.95, 'epsilon': 0.2, 'epsilon_step': 0.01}",,230,3,0.5,115.5,0.006982326507568359,"[0, 1, 1, 1]",0.976931248107687,0.0976931248107687
231,"Qlearntab_Language_{'alpha': 0.05, 'gamma': 0.95, 'epsilon': 0.2, 'epsilon_step': 0.01}",,231,0,0.5,116.0,0.0009970664978027344,[1],0.9769317216342321,0.09769317216342321
232,"Qlearntab_Language_{'alpha': 0.05, 'gamma': 0.95, 'epsilon': 0.2, 'epsilon_step': 0.01}",,232,0,0.5,116.5,0.0019948482513427734,[1],0.9769321714844501,0.097693217148445
233,"Qlearntab_Language_{'alpha': 0.05, 'gamma': 0.95, 'epsilon': 0.2, 'epsilon_step': 0.01}",,233,0,0.5,117.0,0.000997304916381836,[1],0.9769325988421571,0.0976932598842157
234,"Qlearntab_Language_{'alpha': 0.05, 'gamma': 0.95, 'epsilon': 0.2, 'epsilon_step': 0.01}",,234,0,0.5,117.5,0.0019948482513427734,[1],0.9769330048319788,0.09769330048319788
235,"Qlearntab_Language_{'alpha': 0.05, 'gamma': 0.95, 'epsilon': 0.2, 'epsilon_step': 0.01}",,235,0,0.5,118.0,0.0009970664978027344,[1],0.9769333905223093,0.09769333905223093
236,"Qlearntab_Language_{'alpha': 0.05, 'gamma': 0.95, 'epsilon': 0.2, 'epsilon_step': 0.01}",,236,0,0.5,118.5,0.0019948482513427734,[1],0.9769337569281233,0.09769337569281233
237,"Qlearntab_Language_{'alpha': 0.05, 'gamma': 0.95, 'epsilon': 0.2, 'epsilon_step': 0.01}",,237,0,0.5,119.0,0.000997304916381836,[1],0.9769341050136466,0.09769341050136467
238,"Qlearntab_Language_{'alpha': 0.05, 'gamma': 0.95, 'epsilon': 0.2, 'epsilon_step': 0.01}",,238,0,0.5,119.5,0.0019948482513427734,[1],0.9769344356948938,0.09769344356948938
239,"Qlearntab_Language_{'alpha': 0.05, 'gamma': 0.95, 'epsilon': 0.2, 'epsilon_step': 0.01}",,239,0,0.5,120.0,0.0009970664978027344,[1],0.9769347498420786,0.09769347498420786
240,"Qlearntab_Language_{'alpha': 0.05, 'gamma': 0.95, 'epsilon': 0.2, 'epsilon_step': 0.01}",,240,3,0.5,120.5,0.004986763000488281,"[0, 1, 1, 1]",1.000760797651082,0.1000760797651082
241,"Qlearntab_Language_{'alpha': 0.05, 'gamma': 0.95, 'epsilon': 0.2, 'epsilon_step': 0.01}",,241,0,0.5,121.0,0.0009975433349609375,[1],1.0007610960909075,0.10007610960909075
242,"Qlearntab_Language_{'alpha': 0.05, 'gamma': 0.95, 'epsilon': 0.2, 'epsilon_step': 0.01}",,242,0,0.5,121.5,0.000997304916381836,[1],1.0007613796087418,0.10007613796087418
243,"Qlearntab_Language_{'alpha': 0.05, 'gamma': 0.95, 'epsilon': 0.2, 'epsilon_step': 0.01}",,243,0,0.5,122.0,0.0009970664978027344,[1],1.0007616489506843,0.10007616489506843
244,"Qlearntab_Language_{'alpha': 0.05, 'gamma': 0.95, 'epsilon': 0.2, 'epsilon_step': 0.01}",,244,0,0.5,122.5,0.000997304916381836,[1],1.0007619048255298,0.10007619048255298
245,"Qlearntab_Language_{'alpha': 0.05, 'gamma': 0.95, 'epsilon': 0.2, 'epsilon_step': 0.01}",,245,0,0.5,123.0,0.0009975433349609375,[1],1.000762147906633,0.10007621479066331
246,"Qlearntab_Language_{'alpha': 0.05, 'gamma': 0.95, 'epsilon': 0.2, 'epsilon_step': 0.01}",,246,0,0.5,123.5,0.0009975433349609375,[1],1.0007623788336812,0.10007623788336813
247,"Qlearntab_Language_{'alpha': 0.05, 'gamma': 0.95, 'epsilon': 0.2, 'epsilon_step': 0.01}",,247,0,0.5,124.0,0.000997304916381836,[1],1.0007625982143769,0.10007625982143768
248,"Qlearntab_Language_{'alpha': 0.05, 'gamma': 0.95, 'epsilon': 0.2, 'epsilon_step': 0.01}",,248,0,0.5,124.5,0.000997304916381836,[1],1.0007628066260377,0.10007628066260377
249,"Qlearntab_Language_{'alpha': 0.05, 'gamma': 0.95, 'epsilon': 0.2, 'epsilon_step': 0.01}",,249,0,0.5,125.0,0.000997304916381836,[1],1.0007630046171154,0.10007630046171154
250,"Qlearntab_Language_{'alpha': 0.05, 'gamma': 0.95, 'epsilon': 0.2, 'epsilon_step': 0.01}",,250,0,0.5,125.5,0.0009970664978027344,[1],1.0007631927086393,0.10007631927086394
251,"Qlearntab_Language_{'alpha': 0.05, 'gamma': 0.95, 'epsilon': 0.2, 'epsilon_step': 0.01}",,251,0,0.5,126.0,0.0009982585906982422,[1],1.000763371395587,0.1000763371395587
252,"Qlearntab_Language_{'alpha': 0.05, 'gamma': 0.95, 'epsilon': 0.2, 'epsilon_step': 0.01}",,252,0,0.5,126.5,0.0009963512420654297,[1],1.0007635411481872,0.10007635411481872
253,"Qlearntab_Language_{'alpha': 0.05, 'gamma': 0.95, 'epsilon': 0.2, 'epsilon_step': 0.01}",,253,0,0.5,127.0,0.0009968280792236328,[1],1.0007637024131575,0.10007637024131574
254,"Qlearntab_Language_{'alpha': 0.05, 'gamma': 0.95, 'epsilon': 0.2, 'epsilon_step': 0.01}",,254,0,0.5,127.5,0.0009970664978027344,[1],1.0007638556148792,0.10007638556148793
255,"Qlearntab_Language_{'alpha': 0.05, 'gamma': 0.95, 'epsilon': 0.2, 'epsilon_step': 0.01}",,255,0,0.5,128.0,0.0009698867797851562,[1],1.0007640011565149,0.10007640011565148
256,"Qlearntab_Language_{'alpha': 0.05, 'gamma': 0.95, 'epsilon': 0.2, 'epsilon_step': 0.01}",,256,0,0.5,128.5,0.001993894577026367,[1],1.0007641394210687,0.10007641394210687
257,"Qlearntab_Language_{'alpha': 0.05, 'gamma': 0.95, 'epsilon': 0.2, 'epsilon_step': 0.01}",,257,0,0.5,129.0,0.001996755599975586,[1],1.000764270772395,0.10007642707723949
258,"Qlearntab_Language_{'alpha': 0.05, 'gamma': 0.95, 'epsilon': 0.2, 'epsilon_step': 0.01}",,258,0,0.5,129.5,0.0009958744049072266,[1],1.000764395556155,0.10007643955561549
259,"Qlearntab_Language_{'alpha': 0.05, 'gamma': 0.95, 'epsilon': 0.2, 'epsilon_step': 0.01}",,259,0,0.5,130.0,0.0019941329956054688,[1],1.0007645141007269,0.10007645141007268
260,"Qlearntab_Language_{'alpha': 0.05, 'gamma': 0.95, 'epsilon': 0.2, 'epsilon_step': 0.01}",,260,0,0.5,130.5,0.0009992122650146484,[1],1.00076462671807,0.100076462671807
261,"Qlearntab_Language_{'alpha': 0.05, 'gamma': 0.95, 'epsilon': 0.2, 'epsilon_step': 0.01}",,261,0,0.5,131.0,0.0009970664978027344,[1],1.0007647337045462,0.10007647337045462
262,"Qlearntab_Language_{'alpha': 0.05, 'gamma': 0.95, 'epsilon': 0.2, 'epsilon_step': 0.01}",,262,0,0.5,131.5,0.001993894577026367,[1],1.0007648353416987,0.10007648353416987
263,"Qlearntab_Language_{'alpha': 0.05, 'gamma': 0.95, 'epsilon': 0.2, 'epsilon_step': 0.01}",,263,0,0.5,132.0,0.000997781753540039,[1],1.0007649318969936,0.10007649318969936
264,"Qlearntab_Language_{'alpha': 0.05, 'gamma': 0.95, 'epsilon': 0.2, 'epsilon_step': 0.01}",,264,0,0.5,132.5,0.0009965896606445312,[1],1.0007650236245236,0.10007650236245236
265,"Qlearntab_Language_{'alpha': 0.05, 'gamma': 0.95, 'epsilon': 0.2, 'epsilon_step': 0.01}",,265,0,0.5,133.0,0.0009982585906982422,[1],1.000765110765677,0.1000765110765677
266,"Qlearntab_Language_{'alpha': 0.05, 'gamma': 0.95, 'epsilon': 0.2, 'epsilon_step': 0.01}",,266,0,0.5,133.5,0.0009965896606445312,[1],1.0007651935497728,0.10007651935497727
267,"Qlearntab_Language_{'alpha': 0.05, 'gamma': 0.95, 'epsilon': 0.2, 'epsilon_step': 0.01}",,267,0,0.5,134.0,0.0009975433349609375,[1],1.0007652721946638,0.10007652721946639
268,"Qlearntab_Language_{'alpha': 0.05, 'gamma': 0.95, 'epsilon': 0.2, 'epsilon_step': 0.01}",,268,0,0.5,134.5,0.0009970664978027344,[1],1.0007653469073103,0.10007653469073104
269,"Qlearntab_Language_{'alpha': 0.05, 'gamma': 0.95, 'epsilon': 0.2, 'epsilon_step': 0.01}",,269,0,0.5,135.0,0.000997304916381836,[1],1.0007654178843244,0.10007654178843244
270,"Qlearntab_Language_{'alpha': 0.05, 'gamma': 0.95, 'epsilon': 0.2, 'epsilon_step': 0.01}",,270,0,0.5,135.5,0.0009970664978027344,[1],1.0007654853124879,0.10007654853124878
271,"Qlearntab_Language_{'alpha': 0.05, 'gamma': 0.95, 'epsilon': 0.2, 'epsilon_step': 0.01}",,271,0,0.5,136.0,0.0009970664978027344,[1],1.0007655493692431,0.10007655493692431
272,"Qlearntab_Language_{'alpha': 0.05, 'gamma': 0.95, 'epsilon': 0.2, 'epsilon_step': 0.01}",,272,0,0.5,136.5,0.0009970664978027344,[1],1.0007656102231606,0.10007656102231606
273,"Qlearntab_Language_{'alpha': 0.05, 'gamma': 0.95, 'epsilon': 0.2, 'epsilon_step': 0.01}",,273,0,0.5,137.0,0.0009992122650146484,[1],1.0007656680343822,0.10007656680343821
274,"Qlearntab_Language_{'alpha': 0.05, 'gamma': 0.95, 'epsilon': 0.2, 'epsilon_step': 0.01}",,274,0,0.5,137.5,0.001993894577026367,[1],1.0007657229550428,0.10007657229550429
275,"Qlearntab_Language_{'alpha': 0.05, 'gamma': 0.95, 'epsilon': 0.2, 'epsilon_step': 0.01}",,275,0,0.5,138.0,0.0009970664978027344,[1],1.0007657751296704,0.10007657751296703
276,"Qlearntab_Language_{'alpha': 0.05, 'gamma': 0.95, 'epsilon': 0.2, 'epsilon_step': 0.01}",,276,0,0.5,138.5,0.0009970664978027344,[1],1.0007658246955664,0.10007658246955664
277,"Qlearntab_Language_{'alpha': 0.05, 'gamma': 0.95, 'epsilon': 0.2, 'epsilon_step': 0.01}",,277,0,0.5,139.0,0.000997304916381836,[1],1.0007658717831678,0.10007658717831677
278,"Qlearntab_Language_{'alpha': 0.05, 'gamma': 0.95, 'epsilon': 0.2, 'epsilon_step': 0.01}",,278,0,0.5,139.5,0.000997304916381836,[1],1.0007659165163891,0.10007659165163892
279,"Qlearntab_Language_{'alpha': 0.05, 'gamma': 0.95, 'epsilon': 0.2, 'epsilon_step': 0.01}",,279,0,0.5,140.0,0.000997304916381836,[1],1.0007659590129494,0.10007659590129495
280,"Qlearntab_Language_{'alpha': 0.05, 'gamma': 0.95, 'epsilon': 0.2, 'epsilon_step': 0.01}",,280,0,0.5,140.5,0.0009975433349609375,[1],1.0007659993846816,0.10007659993846815
281,"Qlearntab_Language_{'alpha': 0.05, 'gamma': 0.95, 'epsilon': 0.2, 'epsilon_step': 0.01}",,281,0,0.5,141.0,0.0009963512420654297,[1],1.0007660377378271,0.10007660377378272
282,"Qlearntab_Language_{'alpha': 0.05, 'gamma': 0.95, 'epsilon': 0.2, 'epsilon_step': 0.01}",,282,0,0.5,141.5,0.0009982585906982422,[1],1.0007660741733155,0.10007660741733156
283,"Qlearntab_Language_{'alpha': 0.05, 'gamma': 0.95, 'epsilon': 0.2, 'epsilon_step': 0.01}",,283,0,0.5,142.0,0.000997304916381836,[1],1.0007661087870294,0.10007661087870294
284,"Qlearntab_Language_{'alpha': 0.05, 'gamma': 0.95, 'epsilon': 0.2, 'epsilon_step': 0.01}",,284,3,0.5,142.5,0.003989696502685547,"[0, 1, 1, 1]",1.0244911218670258,0.10244911218670258
285,"Qlearntab_Language_{'alpha': 0.05, 'gamma': 0.95, 'epsilon': 0.2, 'epsilon_step': 0.01}",,285,0,0.5,143.0,0.001996278762817383,[1],1.024491154750054,0.10244911547500539
286,"Qlearntab_Language_{'alpha': 0.05, 'gamma': 0.95, 'epsilon': 0.2, 'epsilon_step': 0.01}",,286,0,0.5,143.5,0.0009963512420654297,[1],1.0244911859889307,0.10244911859889308
287,"Qlearntab_Language_{'alpha': 0.05, 'gamma': 0.95, 'epsilon': 0.2, 'epsilon_step': 0.01}",,287,0,0.5,144.0,0.0009970664978027344,[1],1.0244912156658637,0.10244912156658637
288,"Qlearntab_Language_{'alpha': 0.05, 'gamma': 0.95, 'epsilon': 0.2, 'epsilon_step': 0.01}",,288,0,0.5,144.5,0.0019943714141845703,[1],1.02449124385895,0.102449124385895
289,"Qlearntab_Language_{'alpha': 0.05, 'gamma': 0.95, 'epsilon': 0.2, 'epsilon_step': 0.01}",,289,0,0.5,145.0,0.0009975433349609375,[1],1.0244912706423819,0.10244912706423819
290,"Qlearntab_Language_{'alpha': 0.05, 'gamma': 0.95, 'epsilon': 0.2, 'epsilon_step': 0.01}",,290,0,0.5,145.5,0.000997304916381836,[1],1.0244912960866421,0.10244912960866422
291,"Qlearntab_Language_{'alpha': 0.05, 'gamma': 0.95, 'epsilon': 0.2, 'epsilon_step': 0.01}",,291,0,0.5,146.0,0.000997304916381836,[1],1.0244913202586896,0.10244913202586896
292,"Qlearntab_Language_{'alpha': 0.05, 'gamma': 0.95, 'epsilon': 0.2, 'epsilon_step': 0.01}",,292,0,0.5,146.5,0.0019948482513427734,[1],1.0244913432221345,0.10244913432221345
293,"Qlearntab_Language_{'alpha': 0.05, 'gamma': 0.95, 'epsilon': 0.2, 'epsilon_step': 0.01}",,293,0,0.5,147.0,0.000997304916381836,[1],1.0244913650374072,0.10244913650374073
294,"Qlearntab_Language_{'alpha': 0.05, 'gamma': 0.95, 'epsilon': 0.2, 'epsilon_step': 0.01}",,294,0,0.5,147.5,0.001995086669921875,[1],1.0244913857619165,0.10244913857619165
295,"Qlearntab_Language_{'alpha': 0.05, 'gamma': 0.95, 'epsilon': 0.2, 'epsilon_step': 0.01}",,295,0,0.5,148.0,0.0009968280792236328,[1],1.0244914054502001,0.10244914054502001
296,"Qlearntab_Language_{'alpha': 0.05, 'gamma': 0.95, 'epsilon': 0.2, 'epsilon_step': 0.01}",,296,0,0.5,148.5,0.0019948482513427734,[1],1.0244914241540695,0.10244914241540695
297,"Qlearntab_Language_{'alpha': 0.05, 'gamma': 0.95, 'epsilon': 0.2, 'epsilon_step': 0.01}",,297,0,0.5,149.0,0.0009968280792236328,[1],1.0244914419227453,0.10244914419227454
298,"Qlearntab_Language_{'alpha': 0.05, 'gamma': 0.95, 'epsilon': 0.2, 'epsilon_step': 0.01}",,298,0,0.5,149.5,0.0019941329956054688,[1],1.0244914588029874,0.10244914588029874
299,"Qlearntab_Language_{'alpha': 0.05, 'gamma': 0.95, 'epsilon': 0.2, 'epsilon_step': 0.01}",,299,0,0.5,150.0,0.000997781753540039,[1],1.0244914748392175,0.10244914748392175
300,"Qlearntab_Language_{'alpha': 0.05, 'gamma': 0.95, 'epsilon': 0.2, 'epsilon_step': 0.01}",,300,0,0.5,150.5,0.000997304916381836,[1],1.0244914900736362,0.10244914900736361
301,"Qlearntab_Language_{'alpha': 0.05, 'gamma': 0.95, 'epsilon': 0.2, 'epsilon_step': 0.01}",,301,0,0.5,151.0,0.000997304916381836,[1],1.0244915045463339,0.10244915045463339
302,"Qlearntab_Language_{'alpha': 0.05, 'gamma': 0.95, 'epsilon': 0.2, 'epsilon_step': 0.01}",,302,0,0.5,151.5,0.0009975433349609375,[1],1.0244915182953966,0.10244915182953966
303,"Qlearntab_Language_{'alpha': 0.05, 'gamma': 0.95, 'epsilon': 0.2, 'epsilon_step': 0.01}",,303,0,0.5,152.0,0.000997304916381836,[1],1.0244915313570062,0.10244915313570062
304,"Qlearntab_Language_{'alpha': 0.05, 'gamma': 0.95, 'epsilon': 0.2, 'epsilon_step': 0.01}",,304,0,0.5,152.5,0.0019943714141845703,[1],1.0244915437655353,0.10244915437655353
305,"Qlearntab_Language_{'alpha': 0.05, 'gamma': 0.95, 'epsilon': 0.2, 'epsilon_step': 0.01}",,305,0,0.5,153.0,0.0009975433349609375,[1],1.024491555553638,0.1024491555553638
306,"Qlearntab_Language_{'alpha': 0.05, 'gamma': 0.95, 'epsilon': 0.2, 'epsilon_step': 0.01}",,306,0,0.5,153.5,0.000997304916381836,[1],1.0244915667523355,0.10244915667523355
307,"Qlearntab_Language_{'alpha': 0.05, 'gamma': 0.95, 'epsilon': 0.2, 'epsilon_step': 0.01}",,307,0,0.5,154.0,0.000997304916381836,[1],1.0244915773910983,0.10244915773910983
308,"Qlearntab_Language_{'alpha': 0.05, 'gamma': 0.95, 'epsilon': 0.2, 'epsilon_step': 0.01}",,308,0,0.5,154.5,0.0009975433349609375,[1],1.0244915874979228,0.10244915874979228
309,"Qlearntab_Language_{'alpha': 0.05, 'gamma': 0.95, 'epsilon': 0.2, 'epsilon_step': 0.01}",,309,0,0.5,155.0,0.000997304916381836,[1],1.0244915970994062,0.10244915970994062
310,"Qlearntab_Language_{'alpha': 0.05, 'gamma': 0.95, 'epsilon': 0.2, 'epsilon_step': 0.01}",,310,0,0.5,155.5,0.000997304916381836,[1],1.0244916062208154,0.10244916062208154
311,"Qlearntab_Language_{'alpha': 0.05, 'gamma': 0.95, 'epsilon': 0.2, 'epsilon_step': 0.01}",,311,0,0.5,156.0,0.000997781753540039,[1],1.024491614886154,0.10244916148861541
312,"Qlearntab_Language_{'alpha': 0.05, 'gamma': 0.95, 'epsilon': 0.2, 'epsilon_step': 0.01}",,312,0,0.5,156.5,0.0009970664978027344,[1],1.0244916231182257,0.10244916231182258
313,"Qlearntab_Language_{'alpha': 0.05, 'gamma': 0.95, 'epsilon': 0.2, 'epsilon_step': 0.01}",,313,0,0.5,157.0,0.000997304916381836,[1],1.024491630938694,0.1024491630938694
314,"Qlearntab_Language_{'alpha': 0.05, 'gamma': 0.95, 'epsilon': 0.2, 'epsilon_step': 0.01}",,314,0,0.5,157.5,0.0009968280792236328,[1],1.0244916383681388,0.10244916383681388
315,"Qlearntab_Language_{'alpha': 0.05, 'gamma': 0.95, 'epsilon': 0.2, 'epsilon_step': 0.01}",,315,0,0.5,158.0,0.000997781753540039,[1],1.0244916454261115,0.10244916454261115
316,"Qlearntab_Language_{'alpha': 0.05, 'gamma': 0.95, 'epsilon': 0.2, 'epsilon_step': 0.01}",,316,0,0.5,158.5,0.000997304916381836,[1],1.0244916521311853,0.10244916521311853
317,"Qlearntab_Language_{'alpha': 0.05, 'gamma': 0.95, 'epsilon': 0.2, 'epsilon_step': 0.01}",,317,0,0.5,159.0,0.000997304916381836,[1],1.0244916585010055,0.10244916585010055
318,"Qlearntab_Language_{'alpha': 0.05, 'gamma': 0.95, 'epsilon': 0.2, 'epsilon_step': 0.01}",,318,0,0.5,159.5,0.0009970664978027344,[1],1.0244916645523348,0.10244916645523347
319,"Qlearntab_Language_{'alpha': 0.05, 'gamma': 0.95, 'epsilon': 0.2, 'epsilon_step': 0.01}",,319,0,0.5,160.0,0.000997304916381836,[1],1.0244916703010976,0.10244916703010976
320,"Qlearntab_Language_{'alpha': 0.05, 'gamma': 0.95, 'epsilon': 0.2, 'epsilon_step': 0.01}",,320,0,0.5,160.5,0.0009975433349609375,[1],1.0244916757624223,0.10244916757624223
321,"Qlearntab_Language_{'alpha': 0.05, 'gamma': 0.95, 'epsilon': 0.2, 'epsilon_step': 0.01}",,321,0,0.5,161.0,0.000997304916381836,[1],1.0244916809506805,0.10244916809506806
322,"Qlearntab_Language_{'alpha': 0.05, 'gamma': 0.95, 'epsilon': 0.2, 'epsilon_step': 0.01}",,322,0,0.5,161.5,0.000997304916381836,[1],1.0244916858795259,0.10244916858795258
323,"Qlearntab_Language_{'alpha': 0.05, 'gamma': 0.95, 'epsilon': 0.2, 'epsilon_step': 0.01}",,323,0,0.5,162.0,0.0019943714141845703,[1],1.024491690561929,0.1024491690561929
324,"Qlearntab_Language_{'alpha': 0.05, 'gamma': 0.95, 'epsilon': 0.2, 'epsilon_step': 0.01}",,324,0,0.5,162.5,0.000997304916381836,[1],1.024491695010212,0.1024491695010212
325,"Qlearntab_Language_{'alpha': 0.05, 'gamma': 0.95, 'epsilon': 0.2, 'epsilon_step': 0.01}",,325,0,0.5,163.0,0.0019943714141845703,[1],1.0244916992360809,0.10244916992360809
326,"Qlearntab_Language_{'alpha': 0.05, 'gamma': 0.95, 'epsilon': 0.2, 'epsilon_step': 0.01}",,326,0,0.5,163.5,0.000997781753540039,[1],1.0244917032506562,0.10244917032506562
327,"Qlearntab_Language_{'alpha': 0.05, 'gamma': 0.95, 'epsilon': 0.2, 'epsilon_step': 0.01}",,327,0,0.5,164.0,0.0019953250885009766,[1],1.0244917070645028,0.10244917070645028
328,"Qlearntab_Language_{'alpha': 0.05, 'gamma': 0.95, 'epsilon': 0.2, 'epsilon_step': 0.01}",,328,0,0.5,164.5,0.0019948482513427734,[1],1.024491710687657,0.1024491710687657
329,"Qlearntab_Language_{'alpha': 0.05, 'gamma': 0.95, 'epsilon': 0.2, 'epsilon_step': 0.01}",,329,0,0.5,165.0,0.0019943714141845703,[1],1.0244917141296535,0.10244917141296535
330,"Qlearntab_Language_{'alpha': 0.05, 'gamma': 0.95, 'epsilon': 0.2, 'epsilon_step': 0.01}",,330,0,0.5,165.5,0.000997781753540039,[1],1.0244917173995503,0.10244917173995502
331,"Qlearntab_Language_{'alpha': 0.05, 'gamma': 0.95, 'epsilon': 0.2, 'epsilon_step': 0.01}",,331,0,0.5,166.0,0.0029916763305664062,[1],1.024491720505952,0.1024491720505952
332,"Qlearntab_Language_{'alpha': 0.05, 'gamma': 0.95, 'epsilon': 0.2, 'epsilon_step': 0.01}",,332,0,0.5,166.5,0.001994609832763672,[1],1.0244917234570339,0.10244917234570339
333,"Qlearntab_Language_{'alpha': 0.05, 'gamma': 0.95, 'epsilon': 0.2, 'epsilon_step': 0.01}",,333,0,0.5,167.0,0.000997781753540039,[1],1.0244917262605617,0.10244917262605617
334,"Qlearntab_Language_{'alpha': 0.05, 'gamma': 0.95, 'epsilon': 0.2, 'epsilon_step': 0.01}",,334,0,0.5,167.5,0.0009970664978027344,[1],1.024491728923913,0.1024491728923913
335,"Qlearntab_Language_{'alpha': 0.05, 'gamma': 0.95, 'epsilon': 0.2, 'epsilon_step': 0.01}",,335,0,0.5,168.0,0.0019943714141845703,[1],1.0244917314540969,0.10244917314540969
336,"Qlearntab_Language_{'alpha': 0.05, 'gamma': 0.95, 'epsilon': 0.2, 'epsilon_step': 0.01}",,336,0,0.5,168.5,0.001995086669921875,[1],1.0244917338577715,0.10244917338577715
337,"Qlearntab_Language_{'alpha': 0.05, 'gamma': 0.95, 'epsilon': 0.2, 'epsilon_step': 0.01}",,337,3,0.5,169.0,0.003989219665527344,"[0, 1, 1, 1]",1.04811031962883,0.104811031962883
338,"Qlearntab_Language_{'alpha': 0.05, 'gamma': 0.95, 'epsilon': 0.2, 'epsilon_step': 0.01}",,338,3,0.5,169.5,0.003989219665527344,"[0, 1, 1, 1]",1.0716168531325083,0.10716168531325083
339,"Qlearntab_Language_{'alpha': 0.05, 'gamma': 0.95, 'epsilon': 0.2, 'epsilon_step': 0.01}",,339,0,0.5,170.0,0.0009975433349609375,[1],1.0716168554159993,0.10716168554159992
340,"Qlearntab_Language_{'alpha': 0.05, 'gamma': 0.95, 'epsilon': 0.2, 'epsilon_step': 0.01}",,340,0,0.5,170.5,0.0009970664978027344,[1],1.0716168575853156,0.10716168575853155
341,"Qlearntab_Language_{'alpha': 0.05, 'gamma': 0.95, 'epsilon': 0.2, 'epsilon_step': 0.01}",,341,0,0.5,171.0,0.000997304916381836,[1],1.071616859646166,0.10716168596461659
342,"Qlearntab_Language_{'alpha': 0.05, 'gamma': 0.95, 'epsilon': 0.2, 'epsilon_step': 0.01}",,342,3,0.5,171.5,0.004987001419067383,"[0, 1, 1, 1]",1.0950055125144784,0.10950055125144784
343,"Qlearntab_Language_{'alpha': 0.05, 'gamma': 0.95, 'epsilon': 0.2, 'epsilon_step': 0.01}",,343,0,0.5,172.0,0.0009970664978027344,[1],1.0950055144722863,0.10950055144722863
344,"Qlearntab_Language_{'alpha': 0.05, 'gamma': 0.95, 'epsilon': 0.2, 'epsilon_step': 0.01}",,344,0,0.5,172.5,0.001994609832763672,[1],1.0950055163322039,0.1095005516332204
345,"Qlearntab_Language_{'alpha': 0.05, 'gamma': 0.95, 'epsilon': 0.2, 'epsilon_step': 0.01}",,345,0,0.5,173.0,0.0009975433349609375,[1],1.0950055180991256,0.10950055180991256
346,"Qlearntab_Language_{'alpha': 0.05, 'gamma': 0.95, 'epsilon': 0.2, 'epsilon_step': 0.01}",,346,0,0.5,173.5,0.000997304916381836,[1],1.0950055197777013,0.10950055197777013
347,"Qlearntab_Language_{'alpha': 0.05, 'gamma': 0.95, 'epsilon': 0.2, 'epsilon_step': 0.01}",,347,0,0.5,174.0,0.000997781753540039,[1],1.0950055213723482,0.10950055213723482
348,"Qlearntab_Language_{'alpha': 0.05, 'gamma': 0.95, 'epsilon': 0.2, 'epsilon_step': 0.01}",,348,0,0.5,174.5,0.0009970664978027344,[1],1.0950055228872626,0.10950055228872627
349,"Qlearntab_Language_{'alpha': 0.05, 'gamma': 0.95, 'epsilon': 0.2, 'epsilon_step': 0.01}",,349,0,0.5,175.0,0.001994609832763672,[1],1.0950055243264314,0.10950055243264314
350,"Qlearntab_Language_{'alpha': 0.05, 'gamma': 0.95, 'epsilon': 0.2, 'epsilon_step': 0.01}",,350,0,0.5,175.5,0.000997781753540039,[1],1.0950055256936417,0.10950055256936417
351,"Qlearntab_Language_{'alpha': 0.05, 'gamma': 0.95, 'epsilon': 0.2, 'epsilon_step': 0.01}",,351,0,0.5,176.0,0.001995086669921875,[1],1.0950055269924914,0.10950055269924915
352,"Qlearntab_Language_{'alpha': 0.05, 'gamma': 0.95, 'epsilon': 0.2, 'epsilon_step': 0.01}",,352,0,0.5,176.5,0.0009975433349609375,[1],1.0950055282263986,0.10950055282263986
353,"Qlearntab_Language_{'alpha': 0.05, 'gamma': 0.95, 'epsilon': 0.2, 'epsilon_step': 0.01}",,353,0,0.5,177.0,0.0019943714141845703,[1],1.0950055293986105,0.10950055293986105
354,"Qlearntab_Language_{'alpha': 0.05, 'gamma': 0.95, 'epsilon': 0.2, 'epsilon_step': 0.01}",,354,0,0.5,177.5,0.0009963512420654297,[1],1.095005530512212,0.1095005530512212
355,"Qlearntab_Language_{'alpha': 0.05, 'gamma': 0.95, 'epsilon': 0.2, 'epsilon_step': 0.01}",,355,0,0.5,178.0,0.001995563507080078,[1],1.0950055315701333,0.10950055315701332
356,"Qlearntab_Language_{'alpha': 0.05, 'gamma': 0.95, 'epsilon': 0.2, 'epsilon_step': 0.01}",,356,0,0.5,178.5,0.000997304916381836,[1],1.0950055325751584,0.10950055325751584
357,"Qlearntab_Language_{'alpha': 0.05, 'gamma': 0.95, 'epsilon': 0.2, 'epsilon_step': 0.01}",,357,7,0.5,179.0,0.0109710693359375,"[0, 1, 1, 0, 0, 1, 1, 1]",1.1334477265567235,0.10304070241424759
358,"Qlearntab_Language_{'alpha': 0.05, 'gamma': 0.95, 'epsilon': 0.2, 'epsilon_step': 0.01}",,358,0,0.5,179.5,0.0009989738464355469,[1],1.1334477275114976,0.10304070250104523
359,"Qlearntab_Language_{'alpha': 0.05, 'gamma': 0.95, 'epsilon': 0.2, 'epsilon_step': 0.01}",,359,0,0.5,180.0,0.0019931793212890625,[1],1.133447728418533,0.103040702583503
360,"Qlearntab_Language_{'alpha': 0.05, 'gamma': 0.95, 'epsilon': 0.2, 'epsilon_step': 0.01}",,360,0,0.5,180.5,0.0009970664978027344,[1],1.1334477292802165,0.10304070266183786
361,"Qlearntab_Language_{'alpha': 0.05, 'gamma': 0.95, 'epsilon': 0.2, 'epsilon_step': 0.01}",,361,0,0.5,181.0,0.0019960403442382812,[1],1.133447730098816,0.103040702736256
362,"Qlearntab_Language_{'alpha': 0.05, 'gamma': 0.95, 'epsilon': 0.2, 'epsilon_step': 0.01}",,362,0,0.5,181.5,0.0009980201721191406,[1],1.1334477308764854,0.10304070280695322
363,"Qlearntab_Language_{'alpha': 0.05, 'gamma': 0.95, 'epsilon': 0.2, 'epsilon_step': 0.01}",,363,0,0.5,182.0,0.0009968280792236328,[1],1.1334477316152713,0.10304070287411558
364,"Qlearntab_Language_{'alpha': 0.05, 'gamma': 0.95, 'epsilon': 0.2, 'epsilon_step': 0.01}",,364,3,0.5,182.5,0.006981611251831055,"[0, 1, 1, 1]",1.156549998776236,0.10514090897965782
365,"Qlearntab_Language_{'alpha': 0.05, 'gamma': 0.95, 'epsilon': 0.2, 'epsilon_step': 0.01}",,365,0,0.5,183.0,0.000995635986328125,[1],1.1565499994780826,0.10514090904346206
366,"Qlearntab_Language_{'alpha': 0.05, 'gamma': 0.95, 'epsilon': 0.2, 'epsilon_step': 0.01}",,366,0,0.5,183.5,0.0009975433349609375,[1],1.1565500001448368,0.10514090910407607
367,"Qlearntab_Language_{'alpha': 0.05, 'gamma': 0.95, 'epsilon': 0.2, 'epsilon_step': 0.01}",,367,0,0.5,184.0,0.0019941329956054688,[1],1.1565500007782532,0.10514090916165938
368,"Qlearntab_Language_{'alpha': 0.05, 'gamma': 0.95, 'epsilon': 0.2, 'epsilon_step': 0.01}",,368,0,0.5,184.5,0.0009968280792236328,[1],1.156550001379999,0.10514090921636354
369,"Qlearntab_Language_{'alpha': 0.05, 'gamma': 0.95, 'epsilon': 0.2, 'epsilon_step': 0.01}",,369,0,0.5,185.0,0.001994609832763672,[1],1.1565500019516575,0.1051409092683325
370,"Qlearntab_Language_{'alpha': 0.05, 'gamma': 0.95, 'epsilon': 0.2, 'epsilon_step': 0.01}",,370,0,0.5,185.5,0.0009975433349609375,[1],1.156550002494733,0.10514090931770301
371,"Qlearntab_Language_{'alpha': 0.05, 'gamma': 0.95, 'epsilon': 0.2, 'epsilon_step': 0.01}",,371,0,0.5,186.0,0.0019943714141845703,[1],1.1565500030106548,0.10514090936460498
372,"Qlearntab_Language_{'alpha': 0.05, 'gamma': 0.95, 'epsilon': 0.2, 'epsilon_step': 0.01}",,372,0,0.5,186.5,0.000997304916381836,[1],1.1565500035007805,0.10514090940916186
373,"Qlearntab_Language_{'alpha': 0.05, 'gamma': 0.95, 'epsilon': 0.2, 'epsilon_step': 0.01}",,373,0,0.5,187.0,0.0019948482513427734,[1],1.1565500039663998,0.10514090945149089
374,"Qlearntab_Language_{'alpha': 0.05, 'gamma': 0.95, 'epsilon': 0.2, 'epsilon_step': 0.01}",,374,0,0.5,187.5,0.0009970664978027344,[1],1.1565500044087382,0.10514090949170347
375,"Qlearntab_Language_{'alpha': 0.05, 'gamma': 0.95, 'epsilon': 0.2, 'epsilon_step': 0.01}",,375,3,0.5,188.0,0.00498652458190918,"[0, 1, 1, 1]",1.1795054667716727,0.1072277697065157
376,"Qlearntab_Language_{'alpha': 0.05, 'gamma': 0.95, 'epsilon': 0.2, 'epsilon_step': 0.01}",,376,0,0.5,188.5,0.0009968280792236328,[1],1.179505467191894,0.10722776974471765
377,"Qlearntab_Language_{'alpha': 0.05, 'gamma': 0.95, 'epsilon': 0.2, 'epsilon_step': 0.01}",,377,0,0.5,189.0,0.0009970664978027344,[1],1.1795054675911045,0.10722776978100951
378,"Qlearntab_Language_{'alpha': 0.05, 'gamma': 0.95, 'epsilon': 0.2, 'epsilon_step': 0.01}",,378,0,0.5,189.5,0.0019948482513427734,[1],1.1795054679703545,0.10722776981548678
379,"Qlearntab_Language_{'alpha': 0.05, 'gamma': 0.95, 'epsilon': 0.2, 'epsilon_step': 0.01}",,379,99,0.0,189.5,0.0967416763305664,"[0, 0, 1, 0, 1, 0, 1, 0, 1, 0, 1, 0, 1, 0, 1, 0, 1, 0, 1, 0, 1, 0, 1, 0, 1, 0, 1, 0, 1, 0, 1, 0, 1, 0, 1, 0, 1, 0, 1, 0, 1, 0, 1, 0, 1, 0, 1, 0, 1, 0, 1, 0, 1, 0, 1, 0, 1, 0, 1, 0, 1, 0, 1, 0, 1, 0, 1, 1, 0, 0, 1, 1, 1, 0, 0, 0, 0, 1, 1, 1, 1, 0, 0, 0, 0, 1, 0, 1, 0, 1, 1, 0, 1, 1, 1, 1, 0, 0, 1, 1]",1.1771651801660274,0.10701501637872977
380,"Qlearntab_Language_{'alpha': 0.05, 'gamma': 0.95, 'epsilon': 0.2, 'epsilon_step': 0.01}",,380,0,0.5,190.0,0.0009975433349609375,[1],1.1771651805263148,0.10701501641148316
381,"Qlearntab_Language_{'alpha': 0.05, 'gamma': 0.95, 'epsilon': 0.2, 'epsilon_step': 0.01}",,381,0,0.5,190.5,0.000997304916381836,[1],1.177165180868588,0.1070150164425989
382,"Qlearntab_Language_{'alpha': 0.05, 'gamma': 0.95, 'epsilon': 0.2, 'epsilon_step': 0.01}",,382,0,0.5,191.0,0.0019943714141845703,[1],1.1771651811937474,0.10701501647215884
383,"Qlearntab_Language_{'alpha': 0.05, 'gamma': 0.95, 'epsilon': 0.2, 'epsilon_step': 0.01}",,383,0,0.5,191.5,0.000997304916381836,[1],1.1771651815026487,0.1070150165002408
384,"Qlearntab_Language_{'alpha': 0.05, 'gamma': 0.95, 'epsilon': 0.2, 'epsilon_step': 0.01}",,384,0,0.5,192.0,0.0009970664978027344,[1],1.177165181796105,0.10701501652691864
385,"Qlearntab_Language_{'alpha': 0.05, 'gamma': 0.95, 'epsilon': 0.2, 'epsilon_step': 0.01}",,385,0,0.5,192.5,0.0019948482513427734,[1],1.1771651820748885,0.10701501655226259
386,"Qlearntab_Language_{'alpha': 0.05, 'gamma': 0.95, 'epsilon': 0.2, 'epsilon_step': 0.01}",,386,0,0.5,193.0,0.000997304916381836,[1],1.1771651823397329,0.10701501657633936
387,"Qlearntab_Language_{'alpha': 0.05, 'gamma': 0.95, 'epsilon': 0.2, 'epsilon_step': 0.01}",,387,0,0.5,193.5,0.000997304916381836,[1],1.177165182591335,0.10701501659921227
388,"Qlearntab_Language_{'alpha': 0.05, 'gamma': 0.95, 'epsilon': 0.2, 'epsilon_step': 0.01}",,388,0,0.5,194.0,0.0009968280792236328,[1],1.177165182830357,0.10701501662094155
389,"Qlearntab_Language_{'alpha': 0.05, 'gamma': 0.95, 'epsilon': 0.2, 'epsilon_step': 0.01}",,389,0,0.5,194.5,0.001995086669921875,[1],1.177165183057428,0.10701501664158436
390,"Qlearntab_Language_{'alpha': 0.05, 'gamma': 0.95, 'epsilon': 0.2, 'epsilon_step': 0.01}",,390,0,0.5,195.0,0.000997304916381836,[1],1.1771651832731453,0.10701501666119503
391,"Qlearntab_Language_{'alpha': 0.05, 'gamma': 0.95, 'epsilon': 0.2, 'epsilon_step': 0.01}",,391,0,0.5,195.5,0.0009975433349609375,[1],1.1771651834780767,0.10701501667982516
392,"Qlearntab_Language_{'alpha': 0.05, 'gamma': 0.95, 'epsilon': 0.2, 'epsilon_step': 0.01}",,392,0,0.5,196.0,0.000997304916381836,[1],1.1771651836727617,0.1070150166975238
393,"Qlearntab_Language_{'alpha': 0.05, 'gamma': 0.95, 'epsilon': 0.2, 'epsilon_step': 0.01}",,393,52,-100.0,96.0,0.04887056350708008,"[0, 0, 1, 0, 1, 0, 1, 0, 1, 0, 1, 0, 1, 0, 1, 0, 1, 0, 1, 1, 1, 0, 1, 0, 1, 1, 1, 1, 1, 1, 0, 1, 1, 0, 0, 0, 1, 1, 0, 0, 1, 1, 0, 1, 0, 1, 0, 1, 1, 1, 1, 1, 0]",-3.82098200081356,-0.2388113750508475
394,"Qlearntab_Language_{'alpha': 0.05, 'gamma': 0.95, 'epsilon': 0.2, 'epsilon_step': 0.01}",,394,3,0.5,96.5,0.003989696502685547,"[0, 1, 1, 1]",-3.7982112298435946,-0.23738820186522466
395,"Qlearntab_Language_{'alpha': 0.05, 'gamma': 0.95, 'epsilon': 0.2, 'epsilon_step': 0.01}",,395,0,0.5,97.0,0.0009970664978027344,[1],-3.798211229658644,-0.23738820185366524
396,"Qlearntab_Language_{'alpha': 0.05, 'gamma': 0.95, 'epsilon': 0.2, 'epsilon_step': 0.01}",,396,0,0.5,97.5,0.000997304916381836,[1],-3.798211229482941,-0.2373882018426838
397,"Qlearntab_Language_{'alpha': 0.05, 'gamma': 0.95, 'epsilon': 0.2, 'epsilon_step': 0.01}",,397,0,0.5,98.0,0.0019948482513427734,[1],-3.798211229316023,-0.23738820183225143
398,"Qlearntab_Language_{'alpha': 0.05, 'gamma': 0.95, 'epsilon': 0.2, 'epsilon_step': 0.01}",,398,0,0.5,98.5,0.0009970664978027344,[1],-3.7982112291574506,-0.23738820182234066
399,"Qlearntab_Language_{'alpha': 0.05, 'gamma': 0.95, 'epsilon': 0.2, 'epsilon_step': 0.01}",,399,0,0.5,99.0,0.0009980201721191406,[1],-3.798211229006807,-0.23738820181292544
400,"Qlearntab_Language_{'alpha': 0.05, 'gamma': 0.95, 'epsilon': 0.2, 'epsilon_step': 0.01}",,400,0,0.5,99.5,0.0009970664978027344,[1],-3.7982112288636958,-0.23738820180398099
401,"Qlearntab_Language_{'alpha': 0.05, 'gamma': 0.95, 'epsilon': 0.2, 'epsilon_step': 0.01}",,401,0,0.5,100.0,0.0009970664978027344,[1],-3.79821122872774,-0.23738820179548376
402,"Qlearntab_Language_{'alpha': 0.05, 'gamma': 0.95, 'epsilon': 0.2, 'epsilon_step': 0.01}",,402,0,0.5,100.5,0.000997304916381836,[1],-3.798211228598582,-0.23738820178741138
403,"Qlearntab_Language_{'alpha': 0.05, 'gamma': 0.95, 'epsilon': 0.2, 'epsilon_step': 0.01}",,403,3,0.5,101.0,0.004987001419067383,"[0, 1, 1, 1]",-3.7755173584554744,-0.23596983490346715
404,"Qlearntab_Language_{'alpha': 0.05, 'gamma': 0.95, 'epsilon': 0.2, 'epsilon_step': 0.01}",,404,3,0.5,101.5,0.003989219665527344,"[0, 1, 1, 1]",-3.752913808352608,-0.234557113022038
405,"Qlearntab_Language_{'alpha': 0.05, 'gamma': 0.95, 'epsilon': 0.2, 'epsilon_step': 0.01}",,405,0,0.5,102.0,0.000997304916381836,[1],-3.752913808229908,-0.23455711301436924
406,"Qlearntab_Language_{'alpha': 0.05, 'gamma': 0.95, 'epsilon': 0.2, 'epsilon_step': 0.01}",,406,0,0.5,102.5,0.0009975433349609375,[1],-3.752913808113343,-0.23455711300708393
407,"Qlearntab_Language_{'alpha': 0.05, 'gamma': 0.95, 'epsilon': 0.2, 'epsilon_step': 0.01}",,407,0,0.5,103.0,0.000997304916381836,[1],-3.752913808002606,-0.23455711300016288
408,"Qlearntab_Language_{'alpha': 0.05, 'gamma': 0.95, 'epsilon': 0.2, 'epsilon_step': 0.01}",,408,0,0.5,103.5,0.000997304916381836,[1],-3.7529138078974063,-0.2345571129935879
409,"Qlearntab_Language_{'alpha': 0.05, 'gamma': 0.95, 'epsilon': 0.2, 'epsilon_step': 0.01}",,409,0,0.5,104.0,0.0009970664978027344,[1],-3.752913807797466,-0.23455711298734164
410,"Qlearntab_Language_{'alpha': 0.05, 'gamma': 0.95, 'epsilon': 0.2, 'epsilon_step': 0.01}",,410,0,0.5,104.5,0.000997781753540039,[1],-3.752913807702523,-0.2345571129814077
411,"Qlearntab_Language_{'alpha': 0.05, 'gamma': 0.95, 'epsilon': 0.2, 'epsilon_step': 0.01}",,411,0,0.5,105.0,0.000997304916381836,[1],-3.752913807612327,-0.23455711297577045
412,"Qlearntab_Language_{'alpha': 0.05, 'gamma': 0.95, 'epsilon': 0.2, 'epsilon_step': 0.01}",,412,0,0.5,105.5,0.000997304916381836,[1],-3.752913807526641,-0.23455711297041507
413,"Qlearntab_Language_{'alpha': 0.05, 'gamma': 0.95, 'epsilon': 0.2, 'epsilon_step': 0.01}",,413,0,0.5,106.0,0.000997304916381836,[1],-3.7529138074452395,-0.23455711296532747
414,"Qlearntab_Language_{'alpha': 0.05, 'gamma': 0.95, 'epsilon': 0.2, 'epsilon_step': 0.01}",,414,0,0.5,106.5,0.000997304916381836,[1],-3.752913807367908,-0.23455711296049425
415,"Qlearntab_Language_{'alpha': 0.05, 'gamma': 0.95, 'epsilon': 0.2, 'epsilon_step': 0.01}",,415,0,0.5,107.0,0.000997304916381836,[1],-3.752913807294443,-0.23455711295590267
416,"Qlearntab_Language_{'alpha': 0.05, 'gamma': 0.95, 'epsilon': 0.2, 'epsilon_step': 0.01}",,416,0,0.5,107.5,0.0009963512420654297,[1],-3.752913807224651,-0.2345571129515407
417,"Qlearntab_Language_{'alpha': 0.05, 'gamma': 0.95, 'epsilon': 0.2, 'epsilon_step': 0.01}",,417,0,0.5,108.0,0.000997304916381836,[1],-3.752913807158349,-0.2345571129473968
418,"Qlearntab_Language_{'alpha': 0.05, 'gamma': 0.95, 'epsilon': 0.2, 'epsilon_step': 0.01}",,418,0,0.5,108.5,0.0009975433349609375,[1],-3.752913807095362,-0.23455711294346013
419,"Qlearntab_Language_{'alpha': 0.05, 'gamma': 0.95, 'epsilon': 0.2, 'epsilon_step': 0.01}",,419,0,0.5,109.0,0.0009970664978027344,[1],-3.752913807035524,-0.23455711293972026
420,"Qlearntab_Language_{'alpha': 0.05, 'gamma': 0.95, 'epsilon': 0.2, 'epsilon_step': 0.01}",,420,0,0.5,109.5,0.000997304916381836,[1],-3.752913806978678,-0.23455711293616738
421,"Qlearntab_Language_{'alpha': 0.05, 'gamma': 0.95, 'epsilon': 0.2, 'epsilon_step': 0.01}",,421,52,-100.0,9.5,0.060837507247924805,"[0, 1, 1, 0, 0, 0, 1, 0, 1, 0, 1, 0, 1, 0, 1, 0, 1, 0, 1, 0, 1, 0, 1, 0, 1, 0, 1, 0, 1, 0, 1, 0, 1, 0, 0, 1, 0, 0, 1, 0, 0, 0, 0, 0, 0, 0, 0, 0, 1, 0, 1, 1, 0]",-8.734278186953755,-0.5137810698208092
422,"Qlearntab_Language_{'alpha': 0.05, 'gamma': 0.95, 'epsilon': 0.2, 'epsilon_step': 0.01}",,422,0,0.5,10.0,0.0009970664978027344,[1],-8.734278186899752,-0.5137810698176325
423,"Qlearntab_Language_{'alpha': 0.05, 'gamma': 0.95, 'epsilon': 0.2, 'epsilon_step': 0.01}",,423,0,0.5,10.5,0.0030150413513183594,[1],-8.73427818684845,-0.5137810698146147
424,"Qlearntab_Language_{'alpha': 0.05, 'gamma': 0.95, 'epsilon': 0.2, 'epsilon_step': 0.01}",,424,0,0.5,11.0,0.0019948482513427734,[1],-8.734278186799711,-0.5137810698117478
425,"Qlearntab_Language_{'alpha': 0.05, 'gamma': 0.95, 'epsilon': 0.2, 'epsilon_step': 0.01}",,425,0,0.5,11.5,0.00099945068359375,[1],-8.73427818675341,-0.5137810698090242
426,"Qlearntab_Language_{'alpha': 0.05, 'gamma': 0.95, 'epsilon': 0.2, 'epsilon_step': 0.01}",,426,0,0.5,12.0,0.0009720325469970703,[1],-8.734278186709425,-0.5137810698064368
427,"Qlearntab_Language_{'alpha': 0.05, 'gamma': 0.95, 'epsilon': 0.2, 'epsilon_step': 0.01}",,427,0,0.5,12.5,0.0029916763305664062,[1],-8.734278186667638,-0.5137810698039786
428,"Qlearntab_Language_{'alpha': 0.05, 'gamma': 0.95, 'epsilon': 0.2, 'epsilon_step': 0.01}",,428,0,0.5,13.0,0.000997304916381836,[1],-8.73427818662794,-0.5137810698016435
429,"Qlearntab_Language_{'alpha': 0.05, 'gamma': 0.95, 'epsilon': 0.2, 'epsilon_step': 0.01}",,429,0,0.5,13.5,0.001994609832763672,[1],-8.734278186590227,-0.5137810697994252
430,"Qlearntab_Language_{'alpha': 0.05, 'gamma': 0.95, 'epsilon': 0.2, 'epsilon_step': 0.01}",,430,0,0.5,14.0,0.0009970664978027344,[1],-8.7342781865544,-0.5137810697973176
431,"Qlearntab_Language_{'alpha': 0.05, 'gamma': 0.95, 'epsilon': 0.2, 'epsilon_step': 0.01}",,431,0,0.5,14.5,0.0019948482513427734,[1],-8.734278186520365,-0.5137810697953156
432,"Qlearntab_Language_{'alpha': 0.05, 'gamma': 0.95, 'epsilon': 0.2, 'epsilon_step': 0.01}",,432,0,0.5,15.0,0.0029921531677246094,[1],-8.734278186488032,-0.5137810697934136
433,"Qlearntab_Language_{'alpha': 0.05, 'gamma': 0.95, 'epsilon': 0.2, 'epsilon_step': 0.01}",,433,0,0.5,15.5,0.0009970664978027344,[1],-8.734278186457315,-0.5137810697916068
434,"Qlearntab_Language_{'alpha': 0.05, 'gamma': 0.95, 'epsilon': 0.2, 'epsilon_step': 0.01}",,434,0,0.5,16.0,0.0019948482513427734,[1],-8.734278186428133,-0.5137810697898901
435,"Qlearntab_Language_{'alpha': 0.05, 'gamma': 0.95, 'epsilon': 0.2, 'epsilon_step': 0.01}",,435,0,0.5,16.5,0.002991914749145508,[1],-8.734278186400411,-0.5137810697882594
436,"Qlearntab_Language_{'alpha': 0.05, 'gamma': 0.95, 'epsilon': 0.2, 'epsilon_step': 0.01}",,436,0,0.5,17.0,0.0009975433349609375,[1],-8.734278186374075,-0.5137810697867103
437,"Qlearntab_Language_{'alpha': 0.05, 'gamma': 0.95, 'epsilon': 0.2, 'epsilon_step': 0.01}",,437,0,0.5,17.5,0.001994609832763672,[1],-8.734278186349055,-0.5137810697852385
438,"Qlearntab_Language_{'alpha': 0.05, 'gamma': 0.95, 'epsilon': 0.2, 'epsilon_step': 0.01}",,438,0,0.5,18.0,0.0009970664978027344,[1],-8.734278186325287,-0.5137810697838404
439,"Qlearntab_Language_{'alpha': 0.05, 'gamma': 0.95, 'epsilon': 0.2, 'epsilon_step': 0.01}",,439,0,0.5,18.5,0.000997781753540039,[1],-8.734278186302708,-0.5137810697825123
440,"Qlearntab_Language_{'alpha': 0.05, 'gamma': 0.95, 'epsilon': 0.2, 'epsilon_step': 0.01}",,440,0,0.5,19.0,0.0009970664978027344,[1],-8.734278186281257,-0.5137810697812504
441,"Qlearntab_Language_{'alpha': 0.05, 'gamma': 0.95, 'epsilon': 0.2, 'epsilon_step': 0.01}",,441,0,0.5,19.5,0.0019948482513427734,[1],-8.734278186260878,-0.5137810697800517
442,"Qlearntab_Language_{'alpha': 0.05, 'gamma': 0.95, 'epsilon': 0.2, 'epsilon_step': 0.01}",,442,3,0.5,20.0,0.003989219665527344,"[0, 1, 1, 1]",-8.711845201401374,-0.5124614824353749
443,"Qlearntab_Language_{'alpha': 0.05, 'gamma': 0.95, 'epsilon': 0.2, 'epsilon_step': 0.01}",,443,0,0.5,20.5,0.000997304916381836,[1],-8.711845201382015,-0.5124614824342362
444,"Qlearntab_Language_{'alpha': 0.05, 'gamma': 0.95, 'epsilon': 0.2, 'epsilon_step': 0.01}",,444,0,0.5,21.0,0.000997304916381836,[1],-8.711845201363623,-0.5124614824331543
445,"Qlearntab_Language_{'alpha': 0.05, 'gamma': 0.95, 'epsilon': 0.2, 'epsilon_step': 0.01}",,445,0,0.5,21.5,0.0009975433349609375,[1],-8.71184520134615,-0.5124614824321265
446,"Qlearntab_Language_{'alpha': 0.05, 'gamma': 0.95, 'epsilon': 0.2, 'epsilon_step': 0.01}",,446,0,0.5,22.0,0.001995086669921875,[1],-8.711845201329552,-0.5124614824311502
447,"Qlearntab_Language_{'alpha': 0.05, 'gamma': 0.95, 'epsilon': 0.2, 'epsilon_step': 0.01}",,447,0,0.5,22.5,0.0009963512420654297,[1],-8.711845201313784,-0.5124614824302226
448,"Qlearntab_Language_{'alpha': 0.05, 'gamma': 0.95, 'epsilon': 0.2, 'epsilon_step': 0.01}",,448,0,0.5,23.0,0.001995563507080078,[1],-8.711845201298804,-0.5124614824293414
449,"Qlearntab_Language_{'alpha': 0.05, 'gamma': 0.95, 'epsilon': 0.2, 'epsilon_step': 0.01}",,449,0,0.5,23.5,0.000997304916381836,[1],-8.711845201284573,-0.5124614824285043
450,"Qlearntab_Language_{'alpha': 0.05, 'gamma': 0.95, 'epsilon': 0.2, 'epsilon_step': 0.01}",,450,0,0.5,24.0,0.001994609832763672,[1],-8.711845201271053,-0.5124614824277091
451,"Qlearntab_Language_{'alpha': 0.05, 'gamma': 0.95, 'epsilon': 0.2, 'epsilon_step': 0.01}",,451,0,0.5,24.5,0.000997304916381836,[1],-8.71184520125821,-0.5124614824269536
452,"Qlearntab_Language_{'alpha': 0.05, 'gamma': 0.95, 'epsilon': 0.2, 'epsilon_step': 0.01}",,452,0,0.5,25.0,0.0019953250885009766,[1],-8.711845201246009,-0.5124614824262358
453,"Qlearntab_Language_{'alpha': 0.05, 'gamma': 0.95, 'epsilon': 0.2, 'epsilon_step': 0.01}",,453,0,0.5,25.5,0.0009965896606445312,[1],-8.711845201234418,-0.512461482425554
454,"Qlearntab_Language_{'alpha': 0.05, 'gamma': 0.95, 'epsilon': 0.2, 'epsilon_step': 0.01}",,454,0,0.5,26.0,0.001020669937133789,[1],-8.711845201223406,-0.5124614824249063
455,"Qlearntab_Language_{'alpha': 0.05, 'gamma': 0.95, 'epsilon': 0.2, 'epsilon_step': 0.01}",,455,0,0.5,26.5,0.0009734630584716797,[1],-8.711845201212945,-0.5124614824242909
456,"Qlearntab_Language_{'alpha': 0.05, 'gamma': 0.95, 'epsilon': 0.2, 'epsilon_step': 0.01}",,456,0,0.5,27.0,0.0009970664978027344,[1],-8.711845201203007,-0.5124614824237063
457,"Qlearntab_Language_{'alpha': 0.05, 'gamma': 0.95, 'epsilon': 0.2, 'epsilon_step': 0.01}",,457,0,0.5,27.5,0.0009891986846923828,[1],-8.711845201193565,-0.5124614824231509
458,"Qlearntab_Language_{'alpha': 0.05, 'gamma': 0.95, 'epsilon': 0.2, 'epsilon_step': 0.01}",,458,0,0.5,28.0,0.0010027885437011719,[1],-8.711845201184596,-0.5124614824226233
459,"Qlearntab_Language_{'alpha': 0.05, 'gamma': 0.95, 'epsilon': 0.2, 'epsilon_step': 0.01}",,459,3,0.5,28.5,0.004987001419067383,"[0, 1, 1, 1]",-8.689510377296356,-0.5111476692527268
460,"Qlearntab_Language_{'alpha': 0.05, 'gamma': 0.95, 'epsilon': 0.2, 'epsilon_step': 0.01}",,460,0,0.5,29.0,0.0009739398956298828,[1],-8.689510377287835,-0.5111476692522255
461,"Qlearntab_Language_{'alpha': 0.05, 'gamma': 0.95, 'epsilon': 0.2, 'epsilon_step': 0.01}",,461,0,0.5,29.5,0.000997304916381836,[1],-8.68951037727974,-0.5111476692517494
462,"Qlearntab_Language_{'alpha': 0.05, 'gamma': 0.95, 'epsilon': 0.2, 'epsilon_step': 0.01}",,462,0,0.5,30.0,0.0009975433349609375,[1],-8.68951037727205,-0.5111476692512971
463,"Qlearntab_Language_{'alpha': 0.05, 'gamma': 0.95, 'epsilon': 0.2, 'epsilon_step': 0.01}",,463,0,0.5,30.5,0.0020105838775634766,[1],-8.689510377264744,-0.5111476692508673
464,"Qlearntab_Language_{'alpha': 0.05, 'gamma': 0.95, 'epsilon': 0.2, 'epsilon_step': 0.01}",,464,0,0.5,31.0,0.000980377197265625,[1],-8.689510377257804,-0.5111476692504591
465,"Qlearntab_Language_{'alpha': 0.05, 'gamma': 0.95, 'epsilon': 0.2, 'epsilon_step': 0.01}",,465,3,0.5,31.5,0.0049877166748046875,"[0, 1, 1, 1]",-8.667288088734274,-0.5098404758078985
466,"Qlearntab_Language_{'alpha': 0.05, 'gamma': 0.95, 'epsilon': 0.2, 'epsilon_step': 0.01}",,466,0,0.5,32.0,0.001994609832763672,[1],-8.66728808872768,-0.5098404758075106
467,"Qlearntab_Language_{'alpha': 0.05, 'gamma': 0.95, 'epsilon': 0.2, 'epsilon_step': 0.01}",,467,0,0.5,32.5,0.001994609832763672,[1],-8.667288088721417,-0.5098404758071422
468,"Qlearntab_Language_{'alpha': 0.05, 'gamma': 0.95, 'epsilon': 0.2, 'epsilon_step': 0.01}",,468,0,0.5,33.0,0.000997304916381836,[1],-8.667288088715466,-0.5098404758067921
469,"Qlearntab_Language_{'alpha': 0.05, 'gamma': 0.95, 'epsilon': 0.2, 'epsilon_step': 0.01}",,469,0,0.5,33.5,0.001994609832763672,[1],-8.667288088709814,-0.5098404758064596
470,"Qlearntab_Language_{'alpha': 0.05, 'gamma': 0.95, 'epsilon': 0.2, 'epsilon_step': 0.01}",,470,0,0.5,34.0,0.000997304916381836,[1],-8.667288088704444,-0.5098404758061438
471,"Qlearntab_Language_{'alpha': 0.05, 'gamma': 0.95, 'epsilon': 0.2, 'epsilon_step': 0.01}",,471,3,0.5,34.5,0.0069811344146728516,"[0, 1, 1, 1]",-8.645191950949739,-0.5085407029970435
472,"Qlearntab_Language_{'alpha': 0.05, 'gamma': 0.95, 'epsilon': 0.2, 'epsilon_step': 0.01}",,472,0,0.5,35.0,0.0009970664978027344,[1],-8.645191950944637,-0.5085407029967434
473,"Qlearntab_Language_{'alpha': 0.05, 'gamma': 0.95, 'epsilon': 0.2, 'epsilon_step': 0.01}",,473,0,0.5,35.5,0.000997781753540039,[1],-8.645191950939791,-0.5085407029964584
474,"Qlearntab_Language_{'alpha': 0.05, 'gamma': 0.95, 'epsilon': 0.2, 'epsilon_step': 0.01}",,474,0,0.5,36.0,0.0009970664978027344,[1],-8.645191950935187,-0.5085407029961875
475,"Qlearntab_Language_{'alpha': 0.05, 'gamma': 0.95, 'epsilon': 0.2, 'epsilon_step': 0.01}",,475,0,0.5,36.5,0.0009970664978027344,[1],-8.645191950930814,-0.5085407029959302
476,"Qlearntab_Language_{'alpha': 0.05, 'gamma': 0.95, 'epsilon': 0.2, 'epsilon_step': 0.01}",,476,0,0.5,37.0,0.0009975433349609375,[1],-8.645191950926659,-0.5085407029956858
477,"Qlearntab_Language_{'alpha': 0.05, 'gamma': 0.95, 'epsilon': 0.2, 'epsilon_step': 0.01}",,477,0,0.5,37.5,0.000997304916381836,[1],-8.645191950922712,-0.5085407029954536
478,"Qlearntab_Language_{'alpha': 0.05, 'gamma': 0.95, 'epsilon': 0.2, 'epsilon_step': 0.01}",,478,0,0.5,38.0,0.000997304916381836,[1],-8.645191950918962,-0.508540702995233
479,"Qlearntab_Language_{'alpha': 0.05, 'gamma': 0.95, 'epsilon': 0.2, 'epsilon_step': 0.01}",,479,0,0.5,38.5,0.000997304916381836,[1],-8.645191950915398,-0.5085407029950234
480,"Qlearntab_Language_{'alpha': 0.05, 'gamma': 0.95, 'epsilon': 0.2, 'epsilon_step': 0.01}",,480,0,0.5,39.0,0.0009975433349609375,[1],-8.645191950912015,-0.5085407029948243
481,"Qlearntab_Language_{'alpha': 0.05, 'gamma': 0.95, 'epsilon': 0.2, 'epsilon_step': 0.01}",,481,0,0.5,39.5,0.0009970664978027344,[1],-8.6451919509088,-0.5085407029946353
482,"Qlearntab_Language_{'alpha': 0.05, 'gamma': 0.95, 'epsilon': 0.2, 'epsilon_step': 0.01}",,482,0,0.5,40.0,0.000997304916381836,[1],-8.645191950905744,-0.5085407029944555
483,"Qlearntab_Language_{'alpha': 0.05, 'gamma': 0.95, 'epsilon': 0.2, 'epsilon_step': 0.01}",,483,0,0.5,40.5,0.0009975433349609375,[1],-8.645191950902841,-0.5085407029942848
484,"Qlearntab_Language_{'alpha': 0.05, 'gamma': 0.95, 'epsilon': 0.2, 'epsilon_step': 0.01}",,484,0,0.5,41.0,0.000997304916381836,[1],-8.645191950900085,-0.5085407029941226
485,"Qlearntab_Language_{'alpha': 0.05, 'gamma': 0.95, 'epsilon': 0.2, 'epsilon_step': 0.01}",,485,0,0.5,41.5,0.0009989738464355469,[1],-8.645191950897466,-0.5085407029939686
486,"Qlearntab_Language_{'alpha': 0.05, 'gamma': 0.95, 'epsilon': 0.2, 'epsilon_step': 0.01}",,486,0,0.5,42.0,0.0009970664978027344,[1],-8.645191950894977,-0.5085407029938223
487,"Qlearntab_Language_{'alpha': 0.05, 'gamma': 0.95, 'epsilon': 0.2, 'epsilon_step': 0.01}",,487,0,0.5,42.5,0.0009975433349609375,[1],-8.645191950892613,-0.5085407029936831
488,"Qlearntab_Language_{'alpha': 0.05, 'gamma': 0.95, 'epsilon': 0.2, 'epsilon_step': 0.01}",,488,0,0.5,43.0,0.001994609832763672,[1],-8.645191950890368,-0.508540702993551
489,"Qlearntab_Language_{'alpha': 0.05, 'gamma': 0.95, 'epsilon': 0.2, 'epsilon_step': 0.01}",,489,0,0.5,43.5,0.0009970664978027344,[1],-8.645191950888234,-0.5085407029934256
490,"Qlearntab_Language_{'alpha': 0.05, 'gamma': 0.95, 'epsilon': 0.2, 'epsilon_step': 0.01}",,490,0,0.5,44.0,0.0009975433349609375,[1],-8.645191950886208,-0.5085407029933063
491,"Qlearntab_Language_{'alpha': 0.05, 'gamma': 0.95, 'epsilon': 0.2, 'epsilon_step': 0.01}",,491,0,0.5,44.5,0.001994609832763672,[1],-8.645191950884282,-0.5085407029931931
492,"Qlearntab_Language_{'alpha': 0.05, 'gamma': 0.95, 'epsilon': 0.2, 'epsilon_step': 0.01}",,492,0,0.5,45.0,0.0009970664978027344,[1],-8.645191950882452,-0.5085407029930854
493,"Qlearntab_Language_{'alpha': 0.05, 'gamma': 0.95, 'epsilon': 0.2, 'epsilon_step': 0.01}",,493,0,0.5,45.5,0.0009975433349609375,[1],-8.645191950880715,-0.5085407029929833
494,"Qlearntab_Language_{'alpha': 0.05, 'gamma': 0.95, 'epsilon': 0.2, 'epsilon_step': 0.01}",,494,0,0.5,46.0,0.0009975433349609375,[1],-8.645191950879065,-0.5085407029928861
495,"Qlearntab_Language_{'alpha': 0.05, 'gamma': 0.95, 'epsilon': 0.2, 'epsilon_step': 0.01}",,495,0,0.5,46.5,0.0019943714141845703,[1],-8.645191950877496,-0.5085407029927939
496,"Qlearntab_Language_{'alpha': 0.05, 'gamma': 0.95, 'epsilon': 0.2, 'epsilon_step': 0.01}",,496,0,0.5,47.0,0.000997304916381836,[1],-8.645191950876006,-0.5085407029927063
497,"Qlearntab_Language_{'alpha': 0.05, 'gamma': 0.95, 'epsilon': 0.2, 'epsilon_step': 0.01}",,497,0,0.5,47.5,0.000997304916381836,[1],-8.64519195087459,-0.508540702992623
498,"Qlearntab_Language_{'alpha': 0.05, 'gamma': 0.95, 'epsilon': 0.2, 'epsilon_step': 0.01}",,498,0,0.5,48.0,0.0019941329956054688,[1],-8.645191950873246,-0.5085407029925438
499,"Qlearntab_Language_{'alpha': 0.05, 'gamma': 0.95, 'epsilon': 0.2, 'epsilon_step': 0.01}",,499,3,0.5,48.5,0.0060040950775146484,"[0, 1, 1, 1]",-8.623234847609785,-0.5072491086829285
